This is pdfTeX, Version 3.141592653-2.6-1.40.29 (MiKTeX 26.2) (preloaded format=pdflatex 2026.5.30)  3 JUN 2026 01:32
entering extended mode
 restricted \write18 enabled.
 %&-line parsing enabled.
**./finalyearrapport.tex
(finalyearrapport.tex
LaTeX2e <2025-11-01>
L3 programming layer <2026-01-19>
(C:\Users\l\AppData\Local\Programs\MiKTeX\tex/latex/base\report.cls
Document Class: report 2025/01/22 v1.4n Standard LaTeX document class
(C:\Users\l\AppData\Local\Programs\MiKTeX\tex/latex/base\size12.clo
File: size12.clo 2025/01/22 v1.4n Standard LaTeX file (size option)
)
\c@part=\count275
\c@chapter=\count276
\c@section=\count277
\c@subsection=\count278
\c@subsubsection=\count279
\c@paragraph=\count280
\c@subparagraph=\count281
\c@figure=\count282
\c@table=\count283
\abovecaptionskip=\skip49
\belowcaptionskip=\skip50
\bibindent=\dimen148
)
(C:\Users\l\AppData\Local\Programs\MiKTeX\tex/latex/base\fontenc.sty
Package: fontenc 2025/07/18 v2.1d Standard LaTeX package
)
(C:\Users\l\AppData\Local\Programs\MiKTeX\tex/latex/base\inputenc.sty
Package: inputenc 2024/02/08 v1.3d Input encoding file
\inpenc@prehook=\toks17
\inpenc@posthook=\toks18
)
(C:\Users\l\AppData\Local\Programs\MiKTeX\tex/generic/babel\babel.sty
Package: babel 2026/03/24 v26.5 The multilingual framework for LuaLaTeX, pdfLaT
eX and XeLaTeX
\babel@savecnt=\count284
LaTeX Encoding Info:    Redeclaring text command \ij (encoding OT1) on input li
ne 2078.
LaTeX Encoding Info:    Redeclaring text command \IJ (encoding OT1) on input li
ne 2080.
LaTeX Encoding Info:    Redeclaring text command \ij (encoding T1) on input lin
e 2082.
LaTeX Encoding Info:    Redeclaring text command \IJ (encoding T1) on input lin
e 2083.
LaTeX Encoding Info:    Ignoring declaration for text command \ij (encoding ?) 
on input line 2084.
LaTeX Encoding Info:    Ignoring declaration for text command \IJ (encoding ?) 
on input line 2086.
LaTeX Encoding Info:    Ignoring declaration for text command \SS (encoding ?) 
on input line 2111.
\U@D=\dimen149
\l@unhyphenated=\language79

(C:\Users\l\AppData\Local\Programs\MiKTeX\tex/generic/babel\txtbabel.def)
\bbl@readstream=\read2
\bbl@dirlevel=\count285
Package babel Info: Configuration files are deprecated, as
(babel)             they can break document portability.
(babel)             Reported on input line 4206.

*************************************
* Local config file bblopts.cfg used
*
(C:\Users\l\AppData\Local\Programs\MiKTeX\tex/latex/arabi\bblopts.cfg
File: bblopts.cfg 2005/09/08 v0.1 add Arabic and Farsi to "declared" options of
 babel
)
(C:\Users\l\AppData\Local\Programs\MiKTeX\tex/generic/babel/locale/en\babel-eng
lish.tex)
(C:\Users\l\AppData\Local\Programs\MiKTeX\tex/generic/babel/locale/fr\babel-fre
nch.tex)
Package babel Info: Importing font and identification data for english
(babel)             from babel-en.ini. Reported on input line 4330.

(C:\Users\l\AppData\Local\Programs\MiKTeX\tex/latex/babel-english\english.ldf
Language: english 2017/06/06 v3.3r English support from the babel system
Package babel Info: Hyphen rules for 'canadian' set to \l@english
(babel)             (\language0). Reported on input line 102.
Package babel Info: Hyphen rules for 'australian' set to \l@ukenglish
(babel)             (\language73). Reported on input line 105.
Package babel Info: Hyphen rules for 'newzealand' set to \l@ukenglish
(babel)             (\language73). Reported on input line 108.
)
Package babel Info: Importing font and identification data for french
(babel)             from babel-fr.ini. Reported on input line 4330.

(C:\Users\l\AppData\Local\Programs\MiKTeX\tex/generic/babel-french\french.ldf
Language: french 2025-08-15 v4.0e French support from the babel system

(C:\Users\l\AppData\Local\Programs\MiKTeX\tex/generic/babel-french\french3.ldf
Language: french 2025-08-15 v3.7e French support from the babel system
\FB@stdchar=\count286
Package babel Info: Making : an active character on input line 273.
Package babel Info: Making ; an active character on input line 274.
Package babel Info: Making ! an active character on input line 275.
Package babel Info: Making ? an active character on input line 276.
\FBguill@level=\count287
\FBold@everypar=\toks19
\FB@Mht=\dimen150
\mc@charclass=\count288
\mc@charfam=\count289
\mc@charslot=\count290
\std@mcc=\count291
\dec@mcc=\count292
\FB@pardim=\dimen151
\listindentFB=\dimen152
\descindentFB=\dimen153
\labelindentFB=\dimen154
\labelwidthFB=\dimen155
\leftmarginFB=\dimen156
\parindentFFN=\dimen157
\FBfnindent=\dimen158
))) (C:\Users\l\AppData\Local\Programs\MiKTeX\tex/latex/carlisle\scalefnt.sty)
(C:\Users\l\AppData\Local\Programs\MiKTeX\tex/latex/psnfss\mathptmx.sty
Package: mathptmx 2020/03/25 PSNFSS-v9.3 Times w/ Math, improved (SPQR, WaS) 
LaTeX Font Info:    Redeclaring symbol font `operators' on input line 28.
LaTeX Font Info:    Overwriting symbol font `operators' in version `normal'
(Font)                  OT1/cmr/m/n --> OT1/ztmcm/m/n on input line 28.
LaTeX Font Info:    Overwriting symbol font `operators' in version `bold'
(Font)                  OT1/cmr/bx/n --> OT1/ztmcm/m/n on input line 28.
LaTeX Font Info:    Redeclaring symbol font `letters' on input line 29.
LaTeX Font Info:    Overwriting symbol font `letters' in version `normal'
(Font)                  OML/cmm/m/it --> OML/ztmcm/m/it on input line 29.
LaTeX Font Info:    Overwriting symbol font `letters' in version `bold'
(Font)                  OML/cmm/b/it --> OML/ztmcm/m/it on input line 29.
LaTeX Font Info:    Redeclaring symbol font `symbols' on input line 30.
LaTeX Font Info:    Overwriting symbol font `symbols' in version `normal'
(Font)                  OMS/cmsy/m/n --> OMS/ztmcm/m/n on input line 30.
LaTeX Font Info:    Overwriting symbol font `symbols' in version `bold'
(Font)                  OMS/cmsy/b/n --> OMS/ztmcm/m/n on input line 30.
LaTeX Font Info:    Redeclaring symbol font `largesymbols' on input line 31.
LaTeX Font Info:    Overwriting symbol font `largesymbols' in version `normal'
(Font)                  OMX/cmex/m/n --> OMX/ztmcm/m/n on input line 31.
LaTeX Font Info:    Overwriting symbol font `largesymbols' in version `bold'
(Font)                  OMX/cmex/m/n --> OMX/ztmcm/m/n on input line 31.
\symbold=\mathgroup4
\symitalic=\mathgroup5
LaTeX Font Info:    Redeclaring math alphabet \mathbf on input line 34.
LaTeX Font Info:    Overwriting math alphabet `\mathbf' in version `normal'
(Font)                  OT1/cmr/bx/n --> OT1/ptm/bx/n on input line 34.
LaTeX Font Info:    Overwriting math alphabet `\mathbf' in version `bold'
(Font)                  OT1/cmr/bx/n --> OT1/ptm/bx/n on input line 34.
LaTeX Font Info:    Redeclaring math alphabet \mathit on input line 35.
LaTeX Font Info:    Overwriting math alphabet `\mathit' in version `normal'
(Font)                  OT1/cmr/m/it --> OT1/ptm/m/it on input line 35.
LaTeX Font Info:    Overwriting math alphabet `\mathit' in version `bold'
(Font)                  OT1/cmr/bx/it --> OT1/ptm/m/it on input line 35.
LaTeX Info: Redefining \hbar on input line 50.
)
(C:\Users\l\AppData\Local\Programs\MiKTeX\tex/latex/amsfonts\amssymb.sty
Package: amssymb 2013/01/14 v3.01 AMS font symbols

(C:\Users\l\AppData\Local\Programs\MiKTeX\tex/latex/amsfonts\amsfonts.sty
Package: amsfonts 2013/01/14 v3.01 Basic AMSFonts support
\@emptytoks=\toks20
\symAMSa=\mathgroup6
\symAMSb=\mathgroup7
LaTeX Font Info:    Overwriting math alphabet `\mathfrak' in version `bold'
(Font)                  U/euf/m/n --> U/euf/b/n on input line 106.
))
(C:\Users\l\AppData\Local\Programs\MiKTeX\tex/latex/geometry\geometry.sty
Package: geometry 2026/03/07 v6.0 Page Geometry

(C:\Users\l\AppData\Local\Programs\MiKTeX\tex/latex/graphics\keyval.sty
Package: keyval 2022/05/29 v1.15 key=value parser (DPC)
\KV@toks@=\toks21
)
(C:\Users\l\AppData\Local\Programs\MiKTeX\tex/generic/iftex\ifvtex.sty
Package: ifvtex 2019/10/25 v1.7 ifvtex legacy package. Use iftex instead.

(C:\Users\l\AppData\Local\Programs\MiKTeX\tex/generic/iftex\iftex.sty
Package: iftex 2024/12/12 v1.0g TeX engine tests
))
\Gm@cnth=\count293
\Gm@cntv=\count294
\c@Gm@tempcnt=\count295
\Gm@bindingoffset=\dimen159
\Gm@wd@mp=\dimen160
\Gm@odd@mp=\dimen161
\Gm@even@mp=\dimen162
\Gm@layoutwidth=\dimen163
\Gm@layoutheight=\dimen164
\Gm@layouthoffset=\dimen165
\Gm@layoutvoffset=\dimen166
\Gm@dimlist=\toks22

(C:\Users\l\AppData\Local\Programs\MiKTeX\tex/latex/geometry\geometry.cfg))
(C:\Users\l\AppData\Local\Programs\MiKTeX\tex/latex/setspace\setspace.sty
Package: setspace 2022/12/04 v6.7b set line spacing
)
(C:\Users\l\AppData\Local\Programs\MiKTeX\tex/latex/microtype\microtype.sty
Package: microtype 2026/03/01 v3.2d Micro-typographical refinements (RS)

(C:\Users\l\AppData\Local\Programs\MiKTeX\tex/latex/etoolbox\etoolbox.sty
Package: etoolbox 2025/10/02 v2.5m e-TeX tools for LaTeX (JAW)
\etb@tempcnta=\count296
)
\MT@toks=\toks23
\MT@tempbox=\box53
\MT@count=\count297
LaTeX Info: Redefining \noprotrusionifhmode on input line 1084.
LaTeX Info: Redefining \leftprotrusion on input line 1085.
\MT@prot@toks=\toks24
LaTeX Info: Redefining \rightprotrusion on input line 1104.
LaTeX Info: Redefining \textls on input line 1449.
\MT@outer@kern=\dimen167
LaTeX Info: Redefining \microtypecontext on input line 2053.
LaTeX Info: Redefining \textmicrotypecontext on input line 2070.
\MT@listname@count=\count298

(C:\Users\l\AppData\Local\Programs\MiKTeX\tex/latex/microtype\microtype-pdftex.
def
File: microtype-pdftex.def 2026/03/01 v3.2d Definitions specific to pdftex (RS)

LaTeX Info: Redefining \lsstyle on input line 944.
LaTeX Info: Redefining \lslig on input line 944.
\MT@outer@space=\skip51
)
Package microtype Info: Loading configuration file microtype.cfg.

(C:\Users\l\AppData\Local\Programs\MiKTeX\tex/latex/microtype\microtype.cfg
File: microtype.cfg 2026/03/01 v3.2d microtype main configuration file (RS)
)
LaTeX Info: Redefining \microtypesetup on input line 3065.
)
(C:\Users\l\AppData\Local\Programs\MiKTeX\tex/latex/ragged2e\ragged2e.sty
Package: ragged2e 2023/06/22 v3.6 ragged2e Package
\CenteringLeftskip=\skip52
\RaggedLeftLeftskip=\skip53
\RaggedRightLeftskip=\skip54
\CenteringRightskip=\skip55
\RaggedLeftRightskip=\skip56
\RaggedRightRightskip=\skip57
\CenteringParfillskip=\skip58
\RaggedLeftParfillskip=\skip59
\RaggedRightParfillskip=\skip60
\JustifyingParfillskip=\skip61
\CenteringParindent=\skip62
\RaggedLeftParindent=\skip63
\RaggedRightParindent=\skip64
\JustifyingParindent=\skip65
)
(C:\Users\l\AppData\Local\Programs\MiKTeX\tex/latex/xcolor\xcolor.sty
Package: xcolor 2024/09/29 v3.02 LaTeX color extensions (UK)

(C:\Users\l\AppData\Local\Programs\MiKTeX\tex/latex/graphics-cfg\color.cfg
File: color.cfg 2016/01/02 v1.6 sample color configuration
)
Package xcolor Info: Driver file: pdftex.def on input line 274.

(C:\Users\l\AppData\Local\Programs\MiKTeX\tex/latex/graphics-def\pdftex.def
File: pdftex.def 2025/09/29 v1.2d Graphics/color driver for pdftex
)
(C:\Users\l\AppData\Local\Programs\MiKTeX\tex/latex/graphics\mathcolor.ltx)
Package xcolor Info: Model `cmy' substituted by `cmy0' on input line 1349.
Package xcolor Info: Model `hsb' substituted by `rgb' on input line 1353.
Package xcolor Info: Model `RGB' extended on input line 1365.
Package xcolor Info: Model `HTML' substituted by `rgb' on input line 1367.
Package xcolor Info: Model `Hsb' substituted by `hsb' on input line 1368.
Package xcolor Info: Model `tHsb' substituted by `hsb' on input line 1369.
Package xcolor Info: Model `HSB' substituted by `hsb' on input line 1370.
Package xcolor Info: Model `Gray' substituted by `gray' on input line 1371.
Package xcolor Info: Model `wave' substituted by `hsb' on input line 1372.
)
(C:\Users\l\AppData\Local\Programs\MiKTeX\tex/latex/graphics\graphicx.sty
Package: graphicx 2024/12/31 v1.2e Enhanced LaTeX Graphics (DPC,SPQR)

(C:\Users\l\AppData\Local\Programs\MiKTeX\tex/latex/graphics\graphics.sty
Package: graphics 2024/08/06 v1.4g Standard LaTeX Graphics (DPC,SPQR)

(C:\Users\l\AppData\Local\Programs\MiKTeX\tex/latex/graphics\trig.sty
Package: trig 2023/12/02 v1.11 sin cos tan (DPC)
)
(C:\Users\l\AppData\Local\Programs\MiKTeX\tex/latex/graphics-cfg\graphics.cfg
File: graphics.cfg 2016/06/04 v1.11 sample graphics configuration
)
Package graphics Info: Driver file: pdftex.def on input line 106.
)
\Gin@req@height=\dimen168
\Gin@req@width=\dimen169
) (C:\Users\l\AppData\Local\Programs\MiKTeX\tex/latex/float\float.sty
Package: float 2001/11/08 v1.3d Float enhancements (AL)
\c@float@type=\count299
\float@exts=\toks25
\float@box=\box54
\@float@everytoks=\toks26
\@floatcapt=\box55
)
(C:\Users\l\AppData\Local\Programs\MiKTeX\tex/latex/placeins\placeins.sty
Package: placeins 2005/04/18  v 2.2
)
(C:\Users\l\AppData\Local\Programs\MiKTeX\tex/latex/pgf/frontendlayer\tikz.sty
(C:\Users\l\AppData\Local\Programs\MiKTeX\tex/latex/pgf/basiclayer\pgf.sty
(C:\Users\l\AppData\Local\Programs\MiKTeX\tex/latex/pgf/utilities\pgfrcs.sty
(C:\Users\l\AppData\Local\Programs\MiKTeX\tex/generic/pgf/utilities\pgfutil-com
mon.tex
\pgfutil@everybye=\toks27
\pgfutil@tempdima=\dimen170
\pgfutil@tempdimb=\dimen171
)
(C:\Users\l\AppData\Local\Programs\MiKTeX\tex/generic/pgf/utilities\pgfutil-lat
ex.def
\pgfutil@abb=\box56
)
(C:\Users\l\AppData\Local\Programs\MiKTeX\tex/generic/pgf/utilities\pgfrcs.code
.tex (C:\Users\l\AppData\Local\Programs\MiKTeX\tex/generic/pgf\pgf.revision.tex
)
Package: pgfrcs 2025-08-29 v3.1.11a (3.1.11a)
))
Package: pgf 2025-08-29 v3.1.11a (3.1.11a)

(C:\Users\l\AppData\Local\Programs\MiKTeX\tex/latex/pgf/basiclayer\pgfcore.sty
(C:\Users\l\AppData\Local\Programs\MiKTeX\tex/latex/pgf/systemlayer\pgfsys.sty
(C:\Users\l\AppData\Local\Programs\MiKTeX\tex/generic/pgf/systemlayer\pgfsys.co
de.tex
Package: pgfsys 2025-08-29 v3.1.11a (3.1.11a)

(C:\Users\l\AppData\Local\Programs\MiKTeX\tex/generic/pgf/utilities\pgfkeys.cod
e.tex
\pgfkeys@pathtoks=\toks28
\pgfkeys@temptoks=\toks29

(C:\Users\l\AppData\Local\Programs\MiKTeX\tex/generic/pgf/utilities\pgfkeyslibr
aryfiltered.code.tex
\pgfkeys@tmptoks=\toks30
))
\pgf@x=\dimen172
\pgf@y=\dimen173
\pgf@xa=\dimen174
\pgf@ya=\dimen175
\pgf@xb=\dimen176
\pgf@yb=\dimen177
\pgf@xc=\dimen178
\pgf@yc=\dimen179
\pgf@xd=\dimen180
\pgf@yd=\dimen181
\w@pgf@writea=\write3
\r@pgf@reada=\read3
\c@pgf@counta=\count300
\c@pgf@countb=\count301
\c@pgf@countc=\count302
\c@pgf@countd=\count303
\t@pgf@toka=\toks31
\t@pgf@tokb=\toks32
\t@pgf@tokc=\toks33
\pgf@sys@id@count=\count304

(C:\Users\l\AppData\Local\Programs\MiKTeX\tex/generic/pgf/systemlayer\pgf.cfg
File: pgf.cfg 2025-08-29 v3.1.11a (3.1.11a)
)
Driver file for pgf: pgfsys-pdftex.def

(C:\Users\l\AppData\Local\Programs\MiKTeX\tex/generic/pgf/systemlayer\pgfsys-pd
ftex.def
File: pgfsys-pdftex.def 2025-08-29 v3.1.11a (3.1.11a)

(C:\Users\l\AppData\Local\Programs\MiKTeX\tex/generic/pgf/systemlayer\pgfsys-co
mmon-pdf.def
File: pgfsys-common-pdf.def 2025-08-29 v3.1.11a (3.1.11a)
)))
(C:\Users\l\AppData\Local\Programs\MiKTeX\tex/generic/pgf/systemlayer\pgfsyssof
tpath.code.tex
File: pgfsyssoftpath.code.tex 2025-08-29 v3.1.11a (3.1.11a)
\pgfsyssoftpath@smallbuffer@items=\count305
\pgfsyssoftpath@bigbuffer@items=\count306
)
(C:\Users\l\AppData\Local\Programs\MiKTeX\tex/generic/pgf/systemlayer\pgfsyspro
tocol.code.tex
File: pgfsysprotocol.code.tex 2025-08-29 v3.1.11a (3.1.11a)
))
(C:\Users\l\AppData\Local\Programs\MiKTeX\tex/generic/pgf/basiclayer\pgfcore.co
de.tex
Package: pgfcore 2025-08-29 v3.1.11a (3.1.11a)

(C:\Users\l\AppData\Local\Programs\MiKTeX\tex/generic/pgf/math\pgfmath.code.tex

(C:\Users\l\AppData\Local\Programs\MiKTeX\tex/generic/pgf/math\pgfmathutil.code
.tex)
(C:\Users\l\AppData\Local\Programs\MiKTeX\tex/generic/pgf/math\pgfmathparser.co
de.tex
\pgfmath@dimen=\dimen182
\pgfmath@count=\count307
\pgfmath@box=\box57
\pgfmath@toks=\toks34
\pgfmath@stack@operand=\toks35
\pgfmath@stack@operation=\toks36
)
(C:\Users\l\AppData\Local\Programs\MiKTeX\tex/generic/pgf/math\pgfmathfunctions
.code.tex)
(C:\Users\l\AppData\Local\Programs\MiKTeX\tex/generic/pgf/math\pgfmathfunctions
.basic.code.tex)
(C:\Users\l\AppData\Local\Programs\MiKTeX\tex/generic/pgf/math\pgfmathfunctions
.trigonometric.code.tex)
(C:\Users\l\AppData\Local\Programs\MiKTeX\tex/generic/pgf/math\pgfmathfunctions
.random.code.tex)
(C:\Users\l\AppData\Local\Programs\MiKTeX\tex/generic/pgf/math\pgfmathfunctions
.comparison.code.tex)
(C:\Users\l\AppData\Local\Programs\MiKTeX\tex/generic/pgf/math\pgfmathfunctions
.base.code.tex)
(C:\Users\l\AppData\Local\Programs\MiKTeX\tex/generic/pgf/math\pgfmathfunctions
.round.code.tex)
(C:\Users\l\AppData\Local\Programs\MiKTeX\tex/generic/pgf/math\pgfmathfunctions
.misc.code.tex)
(C:\Users\l\AppData\Local\Programs\MiKTeX\tex/generic/pgf/math\pgfmathfunctions
.integerarithmetics.code.tex)
(C:\Users\l\AppData\Local\Programs\MiKTeX\tex/generic/pgf/math\pgfmathcalc.code
.tex)
(C:\Users\l\AppData\Local\Programs\MiKTeX\tex/generic/pgf/math\pgfmathfloat.cod
e.tex
\c@pgfmathroundto@lastzeros=\count308
))
(C:\Users\l\AppData\Local\Programs\MiKTeX\tex/generic/pgf/math\pgfint.code.tex)

(C:\Users\l\AppData\Local\Programs\MiKTeX\tex/generic/pgf/basiclayer\pgfcorepoi
nts.code.tex
File: pgfcorepoints.code.tex 2025-08-29 v3.1.11a (3.1.11a)
\pgf@picminx=\dimen183
\pgf@picmaxx=\dimen184
\pgf@picminy=\dimen185
\pgf@picmaxy=\dimen186
\pgf@pathminx=\dimen187
\pgf@pathmaxx=\dimen188
\pgf@pathminy=\dimen189
\pgf@pathmaxy=\dimen190
\pgf@xx=\dimen191
\pgf@xy=\dimen192
\pgf@yx=\dimen193
\pgf@yy=\dimen194
\pgf@zx=\dimen195
\pgf@zy=\dimen196
)
(C:\Users\l\AppData\Local\Programs\MiKTeX\tex/generic/pgf/basiclayer\pgfcorepat
hconstruct.code.tex
File: pgfcorepathconstruct.code.tex 2025-08-29 v3.1.11a (3.1.11a)
\pgf@path@lastx=\dimen197
\pgf@path@lasty=\dimen198
)
(C:\Users\l\AppData\Local\Programs\MiKTeX\tex/generic/pgf/basiclayer\pgfcorepat
husage.code.tex
File: pgfcorepathusage.code.tex 2025-08-29 v3.1.11a (3.1.11a)
\pgf@shorten@end@additional=\dimen199
\pgf@shorten@start@additional=\dimen256
)
(C:\Users\l\AppData\Local\Programs\MiKTeX\tex/generic/pgf/basiclayer\pgfcoresco
pes.code.tex
File: pgfcorescopes.code.tex 2025-08-29 v3.1.11a (3.1.11a)
\pgfpic=\box58
\pgf@hbox=\box59
\pgf@layerbox@main=\box60
\pgf@picture@serial@count=\count309
)
(C:\Users\l\AppData\Local\Programs\MiKTeX\tex/generic/pgf/basiclayer\pgfcoregra
phicstate.code.tex
File: pgfcoregraphicstate.code.tex 2025-08-29 v3.1.11a (3.1.11a)
\pgflinewidth=\dimen257
)
(C:\Users\l\AppData\Local\Programs\MiKTeX\tex/generic/pgf/basiclayer\pgfcoretra
nsformations.code.tex
File: pgfcoretransformations.code.tex 2025-08-29 v3.1.11a (3.1.11a)
\pgf@pt@x=\dimen258
\pgf@pt@y=\dimen259
\pgf@pt@temp=\dimen260
)
(C:\Users\l\AppData\Local\Programs\MiKTeX\tex/generic/pgf/basiclayer\pgfcorequi
ck.code.tex
File: pgfcorequick.code.tex 2025-08-29 v3.1.11a (3.1.11a)
)
(C:\Users\l\AppData\Local\Programs\MiKTeX\tex/generic/pgf/basiclayer\pgfcoreobj
ects.code.tex
File: pgfcoreobjects.code.tex 2025-08-29 v3.1.11a (3.1.11a)
)
(C:\Users\l\AppData\Local\Programs\MiKTeX\tex/generic/pgf/basiclayer\pgfcorepat
hprocessing.code.tex
File: pgfcorepathprocessing.code.tex 2025-08-29 v3.1.11a (3.1.11a)
)
(C:\Users\l\AppData\Local\Programs\MiKTeX\tex/generic/pgf/basiclayer\pgfcorearr
ows.code.tex
File: pgfcorearrows.code.tex 2025-08-29 v3.1.11a (3.1.11a)
\pgfarrowsep=\dimen261
)
(C:\Users\l\AppData\Local\Programs\MiKTeX\tex/generic/pgf/basiclayer\pgfcoresha
de.code.tex
File: pgfcoreshade.code.tex 2025-08-29 v3.1.11a (3.1.11a)
\pgf@max=\dimen262
\pgf@sys@shading@range@num=\count310
\pgf@shadingcount=\count311
)
(C:\Users\l\AppData\Local\Programs\MiKTeX\tex/generic/pgf/basiclayer\pgfcoreima
ge.code.tex
File: pgfcoreimage.code.tex 2025-08-29 v3.1.11a (3.1.11a)
)
(C:\Users\l\AppData\Local\Programs\MiKTeX\tex/generic/pgf/basiclayer\pgfcoreext
ernal.code.tex
File: pgfcoreexternal.code.tex 2025-08-29 v3.1.11a (3.1.11a)
\pgfexternal@startupbox=\box61
)
(C:\Users\l\AppData\Local\Programs\MiKTeX\tex/generic/pgf/basiclayer\pgfcorelay
ers.code.tex
File: pgfcorelayers.code.tex 2025-08-29 v3.1.11a (3.1.11a)
)
(C:\Users\l\AppData\Local\Programs\MiKTeX\tex/generic/pgf/basiclayer\pgfcoretra
nsparency.code.tex
File: pgfcoretransparency.code.tex 2025-08-29 v3.1.11a (3.1.11a)
)
(C:\Users\l\AppData\Local\Programs\MiKTeX\tex/generic/pgf/basiclayer\pgfcorepat
terns.code.tex
File: pgfcorepatterns.code.tex 2025-08-29 v3.1.11a (3.1.11a)
)
(C:\Users\l\AppData\Local\Programs\MiKTeX\tex/generic/pgf/basiclayer\pgfcorerdf
.code.tex
File: pgfcorerdf.code.tex 2025-08-29 v3.1.11a (3.1.11a)
)))
(C:\Users\l\AppData\Local\Programs\MiKTeX\tex/generic/pgf/modules\pgfmoduleshap
es.code.tex
File: pgfmoduleshapes.code.tex 2025-08-29 v3.1.11a (3.1.11a)
\pgfnodeparttextbox=\box62
)
(C:\Users\l\AppData\Local\Programs\MiKTeX\tex/generic/pgf/modules\pgfmoduleplot
.code.tex
File: pgfmoduleplot.code.tex 2025-08-29 v3.1.11a (3.1.11a)
)
(C:\Users\l\AppData\Local\Programs\MiKTeX\tex/latex/pgf/compatibility\pgfcomp-v
ersion-0-65.sty
Package: pgfcomp-version-0-65 2025-08-29 v3.1.11a (3.1.11a)
\pgf@nodesepstart=\dimen263
\pgf@nodesepend=\dimen264
)
(C:\Users\l\AppData\Local\Programs\MiKTeX\tex/latex/pgf/compatibility\pgfcomp-v
ersion-1-18.sty
Package: pgfcomp-version-1-18 2025-08-29 v3.1.11a (3.1.11a)
))
(C:\Users\l\AppData\Local\Programs\MiKTeX\tex/latex/pgf/utilities\pgffor.sty
(C:\Users\l\AppData\Local\Programs\MiKTeX\tex/latex/pgf/utilities\pgfkeys.sty
(C:\Users\l\AppData\Local\Programs\MiKTeX\tex/generic/pgf/utilities\pgfkeys.cod
e.tex))
(C:\Users\l\AppData\Local\Programs\MiKTeX\tex/latex/pgf/math\pgfmath.sty
(C:\Users\l\AppData\Local\Programs\MiKTeX\tex/generic/pgf/math\pgfmath.code.tex
))
(C:\Users\l\AppData\Local\Programs\MiKTeX\tex/generic/pgf/utilities\pgffor.code
.tex
Package: pgffor 2025-08-29 v3.1.11a (3.1.11a)
\pgffor@iter=\dimen265
\pgffor@skip=\dimen266
\pgffor@stack=\toks37
\pgffor@toks=\toks38
))
(C:\Users\l\AppData\Local\Programs\MiKTeX\tex/generic/pgf/frontendlayer/tikz\ti
kz.code.tex
Package: tikz 2025-08-29 v3.1.11a (3.1.11a)

(C:\Users\l\AppData\Local\Programs\MiKTeX\tex/generic/pgf/libraries\pgflibraryp
lothandlers.code.tex
File: pgflibraryplothandlers.code.tex 2025-08-29 v3.1.11a (3.1.11a)
\pgf@plot@mark@count=\count312
\pgfplotmarksize=\dimen267
)
\tikz@lastx=\dimen268
\tikz@lasty=\dimen269
\tikz@lastxsaved=\dimen270
\tikz@lastysaved=\dimen271
\tikz@lastmovetox=\dimen272
\tikz@lastmovetoy=\dimen273
\tikzleveldistance=\dimen274
\tikzsiblingdistance=\dimen275
\tikz@figbox=\box63
\tikz@figbox@bg=\box64
\tikz@tempbox=\box65
\tikz@tempbox@bg=\box66
\tikztreelevel=\count313
\tikznumberofchildren=\count314
\tikznumberofcurrentchild=\count315
\tikz@fig@count=\count316

(C:\Users\l\AppData\Local\Programs\MiKTeX\tex/generic/pgf/modules\pgfmodulematr
ix.code.tex
File: pgfmodulematrix.code.tex 2025-08-29 v3.1.11a (3.1.11a)
\pgfmatrixcurrentrow=\count317
\pgfmatrixcurrentcolumn=\count318
\pgf@matrix@numberofcolumns=\count319
)
\tikz@expandcount=\count320

(C:\Users\l\AppData\Local\Programs\MiKTeX\tex/generic/pgf/frontendlayer/tikz/li
braries\tikzlibrarytopaths.code.tex
File: tikzlibrarytopaths.code.tex 2025-08-29 v3.1.11a (3.1.11a)
)))
(C:\Users\l\AppData\Local\Programs\MiKTeX\tex/latex/pgfgantt\pgfgantt.sty
Package: pgfgantt 2024/06/19 v5.0a Draw Gantt diagrams with TikZ

(C:\Users\l\AppData\Local\Programs\MiKTeX\tex/generic/pgf/frontendlayer/tikz/li
braries\tikzlibraryarrows.code.tex
File: tikzlibraryarrows.code.tex 2025-08-29 v3.1.11a (3.1.11a)

(C:\Users\l\AppData\Local\Programs\MiKTeX\tex/generic/pgf/libraries\pgflibrarya
rrows.code.tex
File: pgflibraryarrows.code.tex 2025-08-29 v3.1.11a (3.1.11a)
\arrowsize=\dimen276
))
(C:\Users\l\AppData\Local\Programs\MiKTeX\tex/generic/pgf/frontendlayer/tikz/li
braries\tikzlibrarybackgrounds.code.tex
File: tikzlibrarybackgrounds.code.tex 2025-08-29 v3.1.11a (3.1.11a)
\pgf@layerbox@background=\box67
\pgf@layerboxsaved@background=\box68
)
(C:\Users\l\AppData\Local\Programs\MiKTeX\tex/generic/pgf/frontendlayer/tikz/li
braries\tikzlibrarycalc.code.tex
File: tikzlibrarycalc.code.tex 2025-08-29 v3.1.11a (3.1.11a)
)
(C:\Users\l\AppData\Local\Programs\MiKTeX\tex/generic/pgf/frontendlayer/tikz/li
braries\tikzlibrarypatterns.code.tex
File: tikzlibrarypatterns.code.tex 2025-08-29 v3.1.11a (3.1.11a)

(C:\Users\l\AppData\Local\Programs\MiKTeX\tex/generic/pgf/libraries\pgflibraryp
atterns.code.tex
File: pgflibrarypatterns.code.tex 2025-08-29 v3.1.11a (3.1.11a)
))
(C:\Users\l\AppData\Local\Programs\MiKTeX\tex/generic/pgf/frontendlayer/tikz/li
braries\tikzlibrarypositioning.code.tex
File: tikzlibrarypositioning.code.tex 2025-08-29 v3.1.11a (3.1.11a)
)
(C:\Users\l\AppData\Local\Programs\MiKTeX\tex/generic/pgf/frontendlayer/tikz/li
braries\tikzlibraryshapes.geometric.code.tex
File: tikzlibraryshapes.geometric.code.tex 2025-08-29 v3.1.11a (3.1.11a)

(C:\Users\l\AppData\Local\Programs\MiKTeX\tex/generic/pgf/libraries/shapes\pgfl
ibraryshapes.geometric.code.tex
File: pgflibraryshapes.geometric.code.tex 2025-08-29 v3.1.11a (3.1.11a)
))
(C:\Users\l\AppData\Local\Programs\MiKTeX\tex/latex/pgf/utilities\pgfcalendar.s
ty
(C:\Users\l\AppData\Local\Programs\MiKTeX\tex/generic/pgf/utilities\pgfcalendar
.code.tex
File: pgfcalendar.code.tex 2025-08-29 v3.1.11a (3.1.11a)
\pgfcalendarcurrentjulian=\count321
\pgf@cal@easter@Y=\count322
\pgf@cal@easter@G=\count323
\pgf@cal@easter@C=\count324
\pgf@cal@easter@X=\count325
\pgf@cal@easter@Z=\count326
\pgf@cal@easter@D=\count327
\pgf@cal@easter@E=\count328
\pgf@cal@easter@N=\count329
\pgf@cal@easter@M=\count330
\pgf@cal@easter@julianday=\count331
))
\gtt@currentline=\count332
\gtt@lasttitleline=\count333
\gtt@currgrid=\count334
\gtt@chartwidth=\count335
\gtt@lasttitleslot=\count336
\gtt@elementid=\count337
\gtt@today@slot=\count338
\gtt@startjulian=\count339
\gtt@endjulian=\count340
\gtt@chartid=\count341
\gtt@vrule@slot=\count342
\gtt@calendar@slots=\count343
\gtt@calendar@weeknumber=\count344
\gtt@calendar@startofweek=\count345
\gtt@left@slot=\count346
\gtt@right@slot=\count347
)
(C:\Users\l\AppData\Local\Programs\MiKTeX\tex/generic/pgf/libraries\pgflibrarya
rrows.meta.code.tex
File: pgflibraryarrows.meta.code.tex 2025-08-29 v3.1.11a (3.1.11a)
\pgfarrowinset=\dimen277
\pgfarrowlength=\dimen278
\pgfarrowwidth=\dimen279
\pgfarrowlinewidth=\dimen280
)
(C:\Users\l\AppData\Local\Programs\MiKTeX\tex/latex/tools\array.sty
Package: array 2025/09/25 v2.6n Tabular extension package (FMi)
\col@sep=\dimen281
\ar@mcellbox=\box69
\extrarowheight=\dimen282
\NC@list=\toks39
\extratabsurround=\skip66
\backup@length=\skip67
\ar@cellbox=\box70
)
(C:\Users\l\AppData\Local\Programs\MiKTeX\tex/latex/tools\tabularx.sty
Package: tabularx 2023/12/11 v2.12a `tabularx' package (DPC)
\TX@col@width=\dimen283
\TX@old@table=\dimen284
\TX@old@col=\dimen285
\TX@target=\dimen286
\TX@delta=\dimen287
\TX@cols=\count348
\TX@ftn=\toks40
)
(C:\Users\l\AppData\Local\Programs\MiKTeX\tex/latex/booktabs\booktabs.sty
Package: booktabs 2020/01/12 v1.61803398 Publication quality tables
\heavyrulewidth=\dimen288
\lightrulewidth=\dimen289
\cmidrulewidth=\dimen290
\belowrulesep=\dimen291
\belowbottomsep=\dimen292
\aboverulesep=\dimen293
\abovetopsep=\dimen294
\cmidrulesep=\dimen295
\cmidrulekern=\dimen296
\defaultaddspace=\dimen297
\@cmidla=\count349
\@cmidlb=\count350
\@aboverulesep=\dimen298
\@belowrulesep=\dimen299
\@thisruleclass=\count351
\@lastruleclass=\count352
\@thisrulewidth=\dimen300
)
(C:\Users\l\AppData\Local\Programs\MiKTeX\tex/latex/tools\longtable.sty
Package: longtable 2025-10-13 v4.24 Multi-page Table package (DPC)
\LTleft=\skip68
\LTright=\skip69
\LTpre=\skip70
\LTpost=\skip71
\LTchunksize=\count353
\LTcapwidth=\dimen301
\LT@head=\box71
\LT@firsthead=\box72
\LT@foot=\box73
\LT@lastfoot=\box74
\LT@gbox=\box75
\LT@cols=\count354
\LT@rows=\count355
\c@LT@tables=\count356
\c@LT@chunks=\count357
\LT@p@ftn=\toks41
)
(C:\Users\l\AppData\Local\Programs\MiKTeX\tex/latex/multirow\multirow.sty
Package: multirow 2024/11/12 v2.9 Span multiple rows of a table
\multirow@colwidth=\skip72
\multirow@cntb=\count358
\multirow@dima=\skip73
\bigstrutjot=\dimen302
)
(C:\Users\l\AppData\Local\Programs\MiKTeX\tex/latex/colortbl\colortbl.sty
Package: colortbl 2024/10/29 v1.0k Color table columns (DPC)
\everycr=\toks42
\minrowclearance=\skip74
\rownum=\count359
)
(C:\Users\l\AppData\Local\Programs\MiKTeX\tex/latex/makecell\makecell.sty
Package: makecell 2009/08/03 V0.1e Managing of Tab Column Heads and Cells
\rotheadsize=\dimen303
\c@nlinenum=\count360
\TeXr@lab=\toks43
)
(C:\Users\l\AppData\Local\Programs\MiKTeX\tex/latex/enumitem\enumitem.sty
Package: enumitem 2025/02/06 v3.11 Customized lists
\labelindent=\skip75
\enit@outerparindent=\dimen304
\enit@toks=\toks44
\enit@inbox=\box76
\enit@count@id=\count361
\enitdp@description=\count362
)
(C:\Users\l\AppData\Local\Programs\MiKTeX\tex/latex/fancyhdr\fancyhdr.sty
Package: fancyhdr 2025/02/07 v5.2 Extensive control of page headers and footers

\f@nch@headwidth=\skip76
\f@nch@offset@elh=\skip77
\f@nch@offset@erh=\skip78
\f@nch@offset@olh=\skip79
\f@nch@offset@orh=\skip80
\f@nch@offset@elf=\skip81
\f@nch@offset@erf=\skip82
\f@nch@offset@olf=\skip83
\f@nch@offset@orf=\skip84
\f@nch@height=\skip85
\f@nch@footalignment=\skip86
\f@nch@widthL=\skip87
\f@nch@widthC=\skip88
\f@nch@widthR=\skip89
\@temptokenb=\toks45
)
(C:\Users\l\AppData\Local\Programs\MiKTeX\tex/latex/emptypage\emptypage.sty
Package: emptypage 2010/05/30 v1.2 Suppress page numbers and headings on empty 
pages
)
(C:\Users\l\AppData\Local\Programs\MiKTeX\tex/latex/titlesec\titlesec.sty
Package: titlesec 2025/01/04 v2.17 Sectioning titles
\ttl@box=\box77
\beforetitleunit=\skip90
\aftertitleunit=\skip91
\ttl@plus=\dimen305
\ttl@minus=\dimen306
\ttl@toksa=\toks46
\titlewidth=\dimen307
\titlewidthlast=\dimen308
\titlewidthfirst=\dimen309
)
(C:\Users\l\AppData\Local\Programs\MiKTeX\tex/latex/titlesec\titletoc.sty
Package: titletoc 2025/01/04 v2.17 TOC entries
\ttl@leftsep=\dimen310
)
(C:\Users\l\AppData\Local\Programs\MiKTeX\tex/latex/caption\caption.sty
Package: caption 2023/08/05 v3.6o Customizing captions (AR)

(C:\Users\l\AppData\Local\Programs\MiKTeX\tex/latex/caption\caption3.sty
Package: caption3 2023/07/31 v2.4d caption3 kernel (AR)
\caption@tempdima=\dimen311
\captionmargin=\dimen312
\caption@leftmargin=\dimen313
\caption@rightmargin=\dimen314
\caption@width=\dimen315
\caption@indent=\dimen316
\caption@parindent=\dimen317
\caption@hangindent=\dimen318
Package caption Info: Standard document class detected.
Package caption Info: french babel package is loaded.
)
\c@caption@flags=\count363
\c@continuedfloat=\count364
Package caption Info: float package is loaded.
Package caption Info: longtable package is loaded.

(C:\Users\l\AppData\Local\Programs\MiKTeX\tex/latex/caption\ltcaption.sty
Package: ltcaption 2021/01/08 v1.4c longtable captions (AR)
))
(C:\Users\l\AppData\Local\Programs\MiKTeX\tex/latex/tcolorbox\tcolorbox.sty
Package: tcolorbox 2025/11/28 version 6.9.0 text color boxes

(C:\Users\l\AppData\Local\Programs\MiKTeX\tex/latex/tools\verbatim.sty
Package: verbatim 2024-01-22 v1.5x LaTeX2e package for verbatim enhancements
\every@verbatim=\toks47
\verbatim@line=\toks48
\verbatim@in@stream=\read4
)
(C:\Users\l\AppData\Local\Programs\MiKTeX\tex/latex/environ\environ.sty
Package: environ 2014/05/04 v0.3 A new way to define environments

(C:\Users\l\AppData\Local\Programs\MiKTeX\tex/latex/trimspaces\trimspaces.sty
Package: trimspaces 2009/09/17 v1.1 Trim spaces around a token list
)
\@envbody=\toks49
)
\tcb@titlebox=\box78
\tcb@upperbox=\box79
\tcb@lowerbox=\box80
\tcb@phantombox=\box81
\c@tcbbreakpart=\count365
\c@tcblayer=\count366
\c@tcolorbox@number=\count367
\l__tcobox_tmpa_box=\box82
\l__tcobox_tmpa_dim=\dimen319
\tcb@temp=\box83
\tcb@temp=\box84
\tcb@temp=\box85
\tcb@temp=\box86
)
(C:\Users\l\AppData\Local\Programs\MiKTeX\tex/latex/tcolorbox\tcbskins.code.tex
Library (tcolorbox): 'tcbskins.code.tex' version '6.9.0'

(C:\Users\l\AppData\Local\Programs\MiKTeX\tex/latex/tikzfill\tikzfill.image.sty
Package: tikzfill.image 2026/03/26 v1.1.0 Image filling library for TikZ

(C:\Users\l\AppData\Local\Programs\MiKTeX\tex/latex/tikzfill\tikzlibraryfill.im
age.code.tex
File: tikzlibraryfill.image.code.tex 2026/03/26 v1.1.0 Image filling library
\l__tikzfill_tmpa_dim=\dimen320
\l__tikzfill_tmpb_dim=\dimen321
\l__tikzfill_img_box=\box87
))
(C:\Users\l\AppData\Local\Programs\MiKTeX\tex/latex/tcolorbox\tcbskinsjigsaw.co
de.tex
Library (tcolorbox): 'tcbskinsjigsaw.code.tex' version '6.9.0'
))
(C:\Users\l\AppData\Local\Programs\MiKTeX\tex/latex/tcolorbox\tcbbreakable.code
.tex
Library (tcolorbox): 'tcbbreakable.code.tex' version '6.9.0'
(C:\Users\l\AppData\Local\Programs\MiKTeX\tex/latex/pdfcol\pdfcol.sty
Package: pdfcol 2022-09-21 v1.7 Handle new color stacks for pdfTeX (HO)

(C:\Users\l\AppData\Local\Programs\MiKTeX\tex/generic/ltxcmds\ltxcmds.sty
Package: ltxcmds 2023-12-04 v1.26 LaTeX kernel commands for general use (HO)
)
(C:\Users\l\AppData\Local\Programs\MiKTeX\tex/generic/infwarerr\infwarerr.sty
Package: infwarerr 2019/12/03 v1.5 Providing info/warning/error messages (HO)
))
Package pdfcol Info: New color stack `tcb@breakable' = 1 on input line 23.
\tcb@testbox=\box88
\tcb@totalupperbox=\box89
\tcb@totallowerbox=\box90
)
(C:\Users\l\AppData\Local\Programs\MiKTeX\tex/latex/tcolorbox\tcblistings.code.
tex
Library (tcolorbox): 'tcblistings.code.tex' version '6.9.0'
(C:\Users\l\AppData\Local\Programs\MiKTeX\tex/latex/listings\listings.sty
\lst@mode=\count368
\lst@gtempboxa=\box91
\lst@token=\toks50
\lst@length=\count369
\lst@currlwidth=\dimen322
\lst@column=\count370
\lst@pos=\count371
\lst@lostspace=\dimen323
\lst@width=\dimen324
\lst@newlines=\count372
\lst@lineno=\count373
\lst@maxwidth=\dimen325

(C:\Users\l\AppData\Local\Programs\MiKTeX\tex/latex/listings\lstpatch.sty
File: lstpatch.sty 2025/11/14 1.11b (Carsten Heinz)
)
(C:\Users\l\AppData\Local\Programs\MiKTeX\tex/latex/listings\lstmisc.sty
File: lstmisc.sty 2025/11/14 1.11b (Carsten Heinz)
\c@lstnumber=\count374
\lst@skipnumbers=\count375
\lst@framebox=\box92
)
(C:\Users\l\AppData\Local\Programs\MiKTeX\tex/latex/listings\listings.cfg
File: listings.cfg 2025/11/14 1.11b listings configuration
))
Package: listings 2025/11/14 1.11b (Carsten Heinz)

==> First Aid for listings.sty no longer applied!
    Expected:
        2024/09/23 1.10c (Carsten Heinz)
    but found:
        2025/11/14 1.11b (Carsten Heinz)
    so I'm assuming it got fixed.

(C:\Users\l\AppData\Local\Programs\MiKTeX\tex/latex/tcolorbox\tcblistingscore.c
ode.tex
Library (tcolorbox): 'tcblistingscore.code.tex' version '6.9.0'

(C:\Users\l\AppData\Local\Programs\MiKTeX\tex/latex/tcolorbox\tcbprocessing.cod
e.tex
Library (tcolorbox): 'tcbprocessing.code.tex' version '6.9.0'
)
\c@tcblisting=\count376
)) (C:\Users\l\AppData\Local\Programs\MiKTeX\tex/latex/hyperref\hyperref.sty
Package: hyperref 2026-01-29 v7.01p Hypertext links for LaTeX

(C:\Users\l\AppData\Local\Programs\MiKTeX\tex/latex/kvsetkeys\kvsetkeys.sty
Package: kvsetkeys 2022-10-05 v1.19 Key value parser (HO)
)
(C:\Users\l\AppData\Local\Programs\MiKTeX\tex/generic/kvdefinekeys\kvdefinekeys
.sty
Package: kvdefinekeys 2019-12-19 v1.6 Define keys (HO)
)
(C:\Users\l\AppData\Local\Programs\MiKTeX\tex/generic/pdfescape\pdfescape.sty
Package: pdfescape 2019/12/09 v1.15 Implements pdfTeX's escape features (HO)

(C:\Users\l\AppData\Local\Programs\MiKTeX\tex/generic/pdftexcmds\pdftexcmds.sty
Package: pdftexcmds 2020-06-27 v0.33 Utility functions of pdfTeX for LuaTeX (HO
)
Package pdftexcmds Info: \pdf@primitive is available.
Package pdftexcmds Info: \pdf@ifprimitive is available.
Package pdftexcmds Info: \pdfdraftmode found.
)) (C:\Users\l\AppData\Local\Programs\MiKTeX\tex/latex/hycolor\hycolor.sty
Package: hycolor 2020-01-27 v1.10 Color options for hyperref/bookmark (HO)
)
(C:\Users\l\AppData\Local\Programs\MiKTeX\tex/latex/hyperref\nameref.sty
Package: nameref 2026-01-29 v2.58 Cross-referencing by name of section

(C:\Users\l\AppData\Local\Programs\MiKTeX\tex/latex/refcount\refcount.sty
Package: refcount 2019/12/15 v3.6 Data extraction from label references (HO)
)
(C:\Users\l\AppData\Local\Programs\MiKTeX\tex/generic/gettitlestring\gettitlest
ring.sty
Package: gettitlestring 2019/12/15 v1.6 Cleanup title references (HO)

(C:\Users\l\AppData\Local\Programs\MiKTeX\tex/latex/kvoptions\kvoptions.sty
Package: kvoptions 2022-06-15 v3.15 Key value format for package options (HO)
))
\c@section@level=\count377
)
(C:\Users\l\AppData\Local\Programs\MiKTeX\tex/generic/stringenc\stringenc.sty
Package: stringenc 2019/11/29 v1.12 Convert strings between diff. encodings (HO
)
)
\@linkdim=\dimen326
\Hy@linkcounter=\count378
\Hy@pagecounter=\count379

(C:\Users\l\AppData\Local\Programs\MiKTeX\tex/latex/hyperref\pd1enc.def
File: pd1enc.def 2026-01-29 v7.01p Hyperref: PDFDocEncoding definition (HO)
Now handling font encoding PD1 ...
... no UTF-8 mapping file for font encoding PD1
)
(C:\Users\l\AppData\Local\Programs\MiKTeX\tex/generic/intcalc\intcalc.sty
Package: intcalc 2019/12/15 v1.3 Expandable calculations with integers (HO)
)
\Hy@SavedSpaceFactor=\count380

(C:\Users\l\AppData\Local\Programs\MiKTeX\tex/latex/hyperref\puenc.def
File: puenc.def 2026-01-29 v7.01p Hyperref: PDF Unicode definition (HO)
Now handling font encoding PU ...
... no UTF-8 mapping file for font encoding PU
)
Package hyperref Info: Hyper figures OFF on input line 4201.
Package hyperref Info: Link nesting OFF on input line 4206.
Package hyperref Info: Hyper index ON on input line 4209.
Package hyperref Info: Plain pages OFF on input line 4216.
Package hyperref Info: Backreferencing OFF on input line 4221.
Package hyperref Info: Implicit mode ON; LaTeX internals redefined.
Package hyperref Info: Bookmarks ON on input line 4468.
\c@Hy@tempcnt=\count381

(C:\Users\l\AppData\Local\Programs\MiKTeX\tex/latex/url\url.sty
\Urlmuskip=\muskip17
Package: url 2013/09/16  ver 3.4  Verb mode for urls, etc.
)
LaTeX Info: Redefining \url on input line 4807.
\XeTeXLinkMargin=\dimen327

(C:\Users\l\AppData\Local\Programs\MiKTeX\tex/generic/bitset\bitset.sty
Package: bitset 2019/12/09 v1.3 Handle bit-vector datatype (HO)

(C:\Users\l\AppData\Local\Programs\MiKTeX\tex/generic/bigintcalc\bigintcalc.sty
Package: bigintcalc 2019/12/15 v1.5 Expandable calculations on big integers (HO
)
))
\Fld@menulength=\count382
\Field@Width=\dimen328
\Fld@charsize=\dimen329
Package hyperref Info: Hyper figures OFF on input line 6084.
Package hyperref Info: Link nesting OFF on input line 6089.
Package hyperref Info: Hyper index ON on input line 6092.
Package hyperref Info: backreferencing OFF on input line 6099.
Package hyperref Info: Link coloring OFF on input line 6104.
Package hyperref Info: Link coloring with OCG OFF on input line 6109.
Package hyperref Info: PDF/A mode OFF on input line 6114.
\Hy@abspage=\count383
\c@Item=\count384
\c@Hfootnote=\count385
)
Package hyperref Info: Driver (autodetected): hpdftex.
 (C:\Users\l\AppData\Local\Programs\MiKTeX\tex/latex/hyperref\hpdftex.def
File: hpdftex.def 2026-01-29 v7.01p Hyperref driver for pdfTeX
\Fld@listcount=\count386
\c@bookmark@seq@number=\count387

(C:\Users\l\AppData\Local\Programs\MiKTeX\tex/latex/rerunfilecheck\rerunfileche
ck.sty
Package: rerunfilecheck 2025-06-21 v1.11 Rerun checks for auxiliary files (HO)

(C:\Users\l\AppData\Local\Programs\MiKTeX\tex/generic/uniquecounter\uniquecount
er.sty
Package: uniquecounter 2019/12/15 v1.4 Provide unlimited unique counter (HO)
)
Package uniquecounter Info: New unique counter `rerunfilecheck' on input line 2
84.
)
\Hy@SectionHShift=\skip92
)
(C:\Users\l\AppData\Local\Programs\MiKTeX\tex/latex/needspace\needspace.sty
Package: needspace 2025/03/13 v1.3e reserve vertical space
)
(C:\Users\l\AppData\Local\Programs\MiKTeX\tex/latex/base\ifthen.sty
Package: ifthen 2024/03/16 v1.1e Standard LaTeX ifthen package (DPC)
)
Package french3.ldf Info: Setting StandardItemizeEnv=true for
(french3.ldf)             compatibility with enumitem package,
(french3.ldf)             reported on input line 315.
Package french3.ldf Info: Setting StandardEnumerateEnv=true for
(french3.ldf)             compatibility with enumitem package,
(french3.ldf)             reported on input line 315.
LaTeX Font Info:    Trying to load font information for T1+ptm on input line 31
5.

(C:\Users\l\AppData\Local\Programs\MiKTeX\tex/latex/psnfss\t1ptm.fd
File: t1ptm.fd 2001/06/04 font definitions for T1/ptm.
)
(C:\Users\l\AppData\Local\Programs\MiKTeX\tex/latex/l3backend\l3backend-pdftex.
def
File: l3backend-pdftex.def 2025-10-09 L3 backend support: PDF output (pdfTeX)
\l__color_backend_stack_int=\count388
) (finalyearrapport.aux
Package babel Info: 'french' activates 'french' shorthands.
(babel)             Reported on input line 11.
)
\openout1 = `finalyearrapport.aux'.

LaTeX Font Info:    Checking defaults for OML/cmm/m/it on input line 315.
LaTeX Font Info:    ... okay on input line 315.
LaTeX Font Info:    Checking defaults for OMS/cmsy/m/n on input line 315.
LaTeX Font Info:    ... okay on input line 315.
LaTeX Font Info:    Checking defaults for OT1/cmr/m/n on input line 315.
LaTeX Font Info:    ... okay on input line 315.
LaTeX Font Info:    Checking defaults for T1/cmr/m/n on input line 315.
LaTeX Font Info:    ... okay on input line 315.
LaTeX Font Info:    Checking defaults for TS1/cmr/m/n on input line 315.
LaTeX Font Info:    ... okay on input line 315.
LaTeX Font Info:    Checking defaults for OMX/cmex/m/n on input line 315.
LaTeX Font Info:    ... okay on input line 315.
LaTeX Font Info:    Checking defaults for U/cmr/m/n on input line 315.
LaTeX Font Info:    ... okay on input line 315.
LaTeX Font Info:    Checking defaults for PD1/pdf/m/n on input line 315.
LaTeX Font Info:    ... okay on input line 315.
LaTeX Font Info:    Checking defaults for PU/pdf/m/n on input line 315.
LaTeX Font Info:    ... okay on input line 315.
LaTeX Info: Redefining \degres on input line 315.
\big@size=\dimen330

*geometry* driver: auto-detecting
*geometry* detected driver: pdftex
*geometry* verbose mode - [ preamble ] result:
* driver: pdftex
* paper: a4paper
* layout: <same size as paper>
* layoutoffset:(h,v)=(0.0pt,0.0pt)
* modes: 
* h-part:(L,W,R)=(71.13188pt, 469.47049pt, 56.9055pt)
* v-part:(T,H,B)=(56.9055pt, 731.23584pt, 56.9055pt)
* \paperwidth=597.50787pt
* \paperheight=845.04684pt
* \textwidth=469.47049pt
* \textheight=731.23584pt
* \oddsidemargin=-1.1381pt
* \evensidemargin=-1.1381pt
* \topmargin=-54.36449pt
* \headheight=14.0pt
* \headsep=25.0pt
* \topskip=12.0pt
* \footskip=30.0pt
* \marginparwidth=35.0pt
* \marginparsep=10.0pt
* \columnsep=10.0pt
* \skip\footins=10.8pt plus 4.0pt minus 2.0pt
* \hoffset=0.0pt
* \voffset=0.0pt
* \mag=1000
* \@twocolumnfalse
* \@twosidefalse
* \@mparswitchfalse
* \@reversemarginfalse
* (1in=72.27pt=25.4mm, 1cm=28.453pt)

LaTeX Info: Redefining \microtypecontext on input line 315.
Package microtype Info: Applying patch `item' on input line 315.
Package microtype Info: Applying patch `toc' on input line 315.
Package microtype Info: Applying patch `eqnum' on input line 315.
Package microtype Info: Applying patch `footnote' on input line 315.
Package microtype Info: Applying patch `verbatim' on input line 315.
LaTeX Info: Redefining \microtypesetup on input line 315.
Package microtype Info: Generating PDF output.
Package microtype Info: Character protrusion enabled (level 2).
Package microtype Info: Using default protrusion set `alltext'.
Package microtype Info: Automatic font expansion enabled (level 2),
(microtype)             stretch: 20, shrink: 20, step: 1, non-selected.
Package microtype Info: Using default expansion set `alltext-nott'.
Package microtype Info: Patching command `\showhyphens'.
Package microtype Info: No adjustment of tracking.
Package microtype Info: No adjustment of interword spacing.
Package microtype Info: No adjustment of character kerning.
(C:\Users\l\AppData\Local\Programs\MiKTeX\tex/latex/microtype\mt-ptm.cfg
File: mt-ptm.cfg 2006/04/20 v1.7 microtype config. file: Times (RS)
)
(C:\Users\l\AppData\Local\Programs\MiKTeX\tex/context/base/mkii\supp-pdf.mkii
[Loading MPS to PDF converter (version 2006.09.02).]
\scratchcounter=\count389
\scratchdimen=\dimen331
\scratchbox=\box93
\nofMPsegments=\count390
\nofMParguments=\count391
\everyMPshowfont=\toks51
\MPscratchCnt=\count392
\MPscratchDim=\dimen332
\MPnumerator=\count393
\makeMPintoPDFobject=\count394
\everyMPtoPDFconversion=\toks52
)
(C:\Users\l\AppData\Local\Programs\MiKTeX\tex/latex/epstopdf-pkg\epstopdf-base.
sty
Package: epstopdf-base 2020-01-24 v2.11 Base part for package epstopdf
Package epstopdf-base Info: Redefining graphics rule for `.eps' on input line 4
85.

(C:\Users\l\AppData\Local\Programs\MiKTeX\tex/latex/00miktex\epstopdf-sys.cfg
File: epstopdf-sys.cfg 2021/03/18 v2.0 Configuration of epstopdf for MiKTeX
))
Package caption Info: Begin \AtBeginDocument code.
Package caption Info: hyperref package is loaded.
Package caption Info: listings package is loaded.
Package caption Info: End \AtBeginDocument code.
\c@lstlisting=\count395
Package hyperref Info: Link coloring OFF on input line 315.
(finalyearrapport.out) (finalyearrapport.out)
\@outlinefile=\write4
\openout4 = `finalyearrapport.out'.

<public/isetlogo (2).png, id=858, 207.77625pt x 244.915pt>
File: public/isetlogo (2).png Graphic file (type png)
<use public/isetlogo (2).png>
Package pdftex.def Info: public/isetlogo (2).png  used on input line 334.
(pdftex.def)             Requested size: 84.4818pt x 99.58464pt.
LaTeX Font Info:    Trying to load font information for OT1+ztmcm on input line
 335.

(C:\Users\l\AppData\Local\Programs\MiKTeX\tex/latex/psnfss\ot1ztmcm.fd
File: ot1ztmcm.fd 2000/01/03 Fontinst v1.801 font definitions for OT1/ztmcm.
)
Package microtype Info: Loading generic protrusion settings for font family
(microtype)             `ztmcm' (encoding: OT1).
(microtype)             For optimal results, create family-specific settings.
(microtype)             See the microtype manual for details.
LaTeX Font Info:    Trying to load font information for OML+ztmcm on input line
 335.

(C:\Users\l\AppData\Local\Programs\MiKTeX\tex/latex/psnfss\omlztmcm.fd
File: omlztmcm.fd 2000/01/03 Fontinst v1.801 font definitions for OML/ztmcm.
)
LaTeX Font Info:    Trying to load font information for OMS+ztmcm on input line
 335.

(C:\Users\l\AppData\Local\Programs\MiKTeX\tex/latex/psnfss\omsztmcm.fd
File: omsztmcm.fd 2000/01/03 Fontinst v1.801 font definitions for OMS/ztmcm.
)
LaTeX Font Info:    Trying to load font information for OMX+ztmcm on input line
 335.

(C:\Users\l\AppData\Local\Programs\MiKTeX\tex/latex/psnfss\omxztmcm.fd
File: omxztmcm.fd 2000/01/03 Fontinst v1.801 font definitions for OMX/ztmcm.
)
LaTeX Font Info:    Trying to load font information for OT1+ptm on input line 3
35.

(C:\Users\l\AppData\Local\Programs\MiKTeX\tex/latex/psnfss\ot1ptm.fd
File: ot1ptm.fd 2001/06/04 font definitions for OT1/ptm.
)
LaTeX Font Info:    Font shape `OT1/ptm/bx/n' in size <12> not available
(Font)              Font shape `OT1/ptm/b/n' tried instead on input line 335.
LaTeX Font Info:    Font shape `OT1/ptm/bx/n' in size <9> not available
(Font)              Font shape `OT1/ptm/b/n' tried instead on input line 335.
LaTeX Font Info:    Font shape `OT1/ptm/bx/n' in size <7> not available
(Font)              Font shape `OT1/ptm/b/n' tried instead on input line 335.

(C:\Users\l\AppData\Local\Programs\MiKTeX\tex/latex/microtype\mt-msa.cfg
File: mt-msa.cfg 2006/02/04 v1.1 microtype config. file: AMS symbols (a) (RS)
)
(C:\Users\l\AppData\Local\Programs\MiKTeX\tex/latex/microtype\mt-msb.cfg
File: mt-msb.cfg 2005/06/01 v1.0 microtype config. file: AMS symbols (b) (RS)
)
<public/logos.png, id=859, 770.88pt x 770.88pt>
File: public/logos.png Graphic file (type png)
<use public/logos.png>
Package pdftex.def Info: public/logos.png  used on input line 339.
(pdftex.def)             Requested size: 99.58273pt x 99.58464pt.
LaTeX Font Info:    Trying to load font information for TS1+ptm on input line 3
52.

(C:\Users\l\AppData\Local\Programs\MiKTeX\tex/latex/psnfss\ts1ptm.fd
File: ts1ptm.fd 2001/06/04 font definitions for TS1/ptm.
) [1

{C:/Users/l/AppData/Local/MiKTeX/fonts/map/pdftex/pdftex.map}{C:/Users/l/AppDat
a/Local/Programs/MiKTeX/fonts/enc/dvips/base/8r.enc} <./public/isetlogo (2).png
> <./public/logos.png>] [2]
pdfTeX warning (ext4): destination with the same identifier (name{page.i}) has 
been already used, duplicate ignored
<to be read again> 
                   \relax 
l.404 	\clearpage
                  [1]
pdfTeX warning (ext4): destination with the same identifier (name{page.ii}) has
 been already used, duplicate ignored
<to be read again> 
                   \relax 
l.433 	\clearpage
                  [2

] [3

]
Underfull \hbox (badness 10000) in paragraph at lines 496--499

 []

[4

] (finalyearrapport.toc [5


]
Package microtype Info: Loading generic protrusion settings for font family
(microtype)             `cmtt' (encoding: T1).
(microtype)             For optimal results, create family-specific settings.
(microtype)             See the microtype manual for details.
 [6] [7] [8] [9] [10]
Overfull \hbox (4.66759pt too wide) detected at line 206
\T1/ptm/b/n/12 VIII 
 []


Overfull \hbox (2.05179pt too wide) detected at line 207
\T1/ptm/m/n/12 VIII.1 
 []


Overfull \hbox (2.05179pt too wide) detected at line 208
\T1/ptm/m/n/12 VIII.2 
 []


Overfull \hbox (2.05179pt too wide) detected at line 209
\T1/ptm/m/n/12 VIII.3 
 []


Overfull \hbox (0.25186pt too wide) detected at line 210
\T1/ptm/m/n/12 VIII.3.1 
 []


Overfull \hbox (0.25186pt too wide) detected at line 211
\T1/ptm/m/n/12 VIII.3.2 
 []


Overfull \hbox (0.25186pt too wide) detected at line 212
\T1/ptm/m/n/12 VIII.3.3 
 []


Overfull \hbox (0.25186pt too wide) detected at line 213
\T1/ptm/m/n/12 VIII.3.4 
 []


Overfull \hbox (2.05179pt too wide) detected at line 214
\T1/ptm/m/n/12 VIII.4 
 []


Overfull \hbox (2.05179pt too wide) detected at line 215
\T1/ptm/m/n/12 VIII.5 
 []


Overfull \hbox (2.05179pt too wide) detected at line 216
\T1/ptm/m/n/12 VIII.6 
 []


Overfull \hbox (2.05179pt too wide) detected at line 217
\T1/ptm/m/n/12 VIII.7 
 []


Overfull \hbox (2.05179pt too wide) detected at line 218
\T1/ptm/m/n/12 VIII.8 
 []

)
\tf@toc=\write5
\openout5 = `finalyearrapport.toc'.

 [11] (finalyearrapport.lof [12


] [13] [14]
Overfull \hbox (4.05583pt too wide) detected at line 130
\T1/ptm/m/n/12 VII.10 
 []

[15]
Overfull \hbox (4.05583pt too wide) detected at line 131
\T1/ptm/m/n/12 VII.11 
 []


Overfull \hbox (4.05583pt too wide) detected at line 132
\T1/ptm/m/n/12 VII.12 
 []


Overfull \hbox (4.05583pt too wide) detected at line 133
\T1/ptm/m/n/12 VII.13 
 []


Overfull \hbox (4.05583pt too wide) detected at line 134
\T1/ptm/m/n/12 VII.14 
 []


Overfull \hbox (4.05583pt too wide) detected at line 135
\T1/ptm/m/n/12 VII.15 
 []


Overfull \hbox (4.05583pt too wide) detected at line 136
\T1/ptm/m/n/12 VII.16 
 []


Overfull \hbox (2.05179pt too wide) detected at line 138
\T1/ptm/m/n/12 VIII.1 
 []

)
\tf@lof=\write6
\openout6 = `finalyearrapport.lof'.

 [16] (finalyearrapport.lot [17


]
Overfull \hbox (2.05179pt too wide) detected at line 47
\T1/ptm/m/n/12 VIII.1 
 []

)
\tf@lot=\write7
\openout7 = `finalyearrapport.lot'.

 [18] [1


]
Chapitre I.
[2

]
Package babel Info: 'french' activates 'french' shorthands.
(babel)             Reported on input line 615.
 [3

] [4] [5] [6] [7]
<public/ch2-modele-spirale.png, id=1522, 1088.065pt x 754.82pt>
File: public/ch2-modele-spirale.png Graphic file (type png)
<use public/ch2-modele-spirale.png>
Package pdftex.def Info: public/ch2-modele-spirale.png  used on input line 779.

(pdftex.def)             Requested size: 431.91199pt x 299.63065pt.
 [8] [9 <./public/ch2-modele-spirale.png (PNG copy)>]
Chapitre II.
[10

] [11

]
<public/ch2-besoins-fonctionnels-mermaid.png, id=1546, 875.27pt x 453.695pt>
File: public/ch2-besoins-fonctionnels-mermaid.png Graphic file (type png)
<use public/ch2-besoins-fonctionnels-mermaid.png>
Package pdftex.def Info: public/ch2-besoins-fonctionnels-mermaid.png  used on i
nput line 888.
(pdftex.def)             Requested size: 413.13632pt x 214.15048pt.
 [12] [13 <./public/ch2-besoins-fonctionnels-mermaid.png (PNG copy)>]
<public/ch2-architecture-systeme-generale.png, id=1557, 1064.97874pt x 831.105p
t>
File: public/ch2-architecture-systeme-generale.png Graphic file (type png)
<use public/ch2-architecture-systeme-generale.png>
Package pdftex.def Info: public/ch2-architecture-systeme-generale.png  used on 
input line 934.
(pdftex.def)             Requested size: 413.13632pt x 322.40494pt.
<public/ch2-diagramme-acteurs.png, id=1558, 564.60938pt x 254.45062pt>
File: public/ch2-diagramme-acteurs.png Graphic file (type png)
<use public/ch2-diagramme-acteurs.png>
Package pdftex.def Info: public/ch2-diagramme-acteurs.png  used on input line 9
69.
(pdftex.def)             Requested size: 469.47049pt x 211.57834pt.

[14] [15 <./public/ch2-architecture-systeme-generale.png (PNG copy)> <./public/
ch2-diagramme-acteurs.png>]
File: public/ch2-modele-spirale.png Graphic file (type png)
<use public/ch2-modele-spirale.png>
Package pdftex.def Info: public/ch2-modele-spirale.png  used on input line 982.

(pdftex.def)             Requested size: 413.13632pt x 286.60423pt.
<public/ch2-tracabilite-besoins.png, id=1570, 392.46625pt x 608.2725pt>
File: public/ch2-tracabilite-besoins.png Graphic file (type png)
<use public/ch2-tracabilite-besoins.png>
Package pdftex.def Info: public/ch2-tracabilite-besoins.png  used on input line
 1021.
(pdftex.def)             Requested size: 413.13632pt x 640.34781pt.
<public/ch2-planification-cycles-mermaid.png, id=1571, 815.045pt x 373.395pt>
File: public/ch2-planification-cycles-mermaid.png Graphic file (type png)
<use public/ch2-planification-cycles-mermaid.png>
Package pdftex.def Info: public/ch2-planification-cycles-mermaid.png  used on i
nput line 1041.
(pdftex.def)             Requested size: 413.13632pt x 189.26663pt.
 [16] [17 <./public/ch2-tracabilite-besoins.png (PNG copy)>]
<public/ch2-environnement-materiel.png, id=1581, 625.58719pt x 361.35pt>
File: public/ch2-environnement-materiel.png Graphic file (type png)
<use public/ch2-environnement-materiel.png>
Package pdftex.def Info: public/ch2-environnement-materiel.png  used on input l
ine 1055.
(pdftex.def)             Requested size: 413.13632pt x 238.64061pt.
 [18 <./public/ch2-planification-cycles-mermaid.png (PNG copy)> <./public/ch2-e
nvironnement-materiel.png>]
<public/ch2-environnement-logiciel-mermaid.png, id=1587, 1088.065pt x 892.33376
pt>
File: public/ch2-environnement-logiciel-mermaid.png Graphic file (type png)
<use public/ch2-environnement-logiciel-mermaid.png>
Package pdftex.def Info: public/ch2-environnement-logiciel-mermaid.png  used on
 input line 1099.
(pdftex.def)             Requested size: 413.13632pt x 338.81804pt.
 [19 <./public/ch2-environnement-logiciel-mermaid.png (PNG copy)>] [20]
Chapitre III.
[21

] [22

]
<public/ch3-double-traitement-humain.png, id=1606, 1413.28pt x 770.88pt>
File: public/ch3-double-traitement-humain.png Graphic file (type png)
<use public/ch3-double-traitement-humain.png>
Package pdftex.def Info: public/ch3-double-traitement-humain.png  used on input
 line 1186.
(pdftex.def)             Requested size: 422.52057pt x 230.46593pt.


Package caption Warning: The option `hypcap=true' will be ignored for this
(caption)                particular \caption on input line 1186.
See the caption package documentation for explanation.

[23 <./public/ch3-double-traitement-humain.png>]
<public/archic.png, id=1618, 1222.5675pt x 867.24pt>
File: public/archic.png Graphic file (type png)
<use public/archic.png>
Package pdftex.def Info: public/archic.png  used on input line 1234.
(pdftex.def)             Requested size: 384.96924pt x 273.07619pt.


Package caption Warning: The option `hypcap=true' will be ignored for this
(caption)                particular \caption on input line 1234.
See the caption package documentation for explanation.

[24 <./public/archic.png>]
<public/cycle1-vue-trois-flux-n8n.png, id=1624, 691.83469pt x 354.57469pt>
File: public/cycle1-vue-trois-flux-n8n.png Graphic file (type png)
<use public/cycle1-vue-trois-flux-n8n.png>
Package pdftex.def Info: public/cycle1-vue-trois-flux-n8n.png  used on input li
ne 1242.
(pdftex.def)             Requested size: 460.07907pt x 235.80002pt.


Package caption Warning: The option `hypcap=true' will be ignored for this
(caption)                particular \caption on input line 1242.
See the caption package documentation for explanation.

[25

 <./public/cycle1-vue-trois-flux-n8n.png>]
<public/ducc1.png, id=1630, 844.15375pt x 1027.84pt>
File: public/ducc1.png Graphic file (type png)
<use public/ducc1.png>
Package pdftex.def Info: public/ducc1.png  used on input line 1249.
(pdftex.def)             Requested size: 460.07907pt x 560.20091pt.


Package caption Warning: The option `hypcap=true' will be ignored for this
(caption)                particular \caption on input line 1249.
See the caption package documentation for explanation.

[26

 <./public/ducc1.png>]
<public/koda-chapitre-classes-schema.png, id=1636, 755.07094pt x 521.69907pt>
File: public/koda-chapitre-classes-schema.png Graphic file (type png)
<use public/koda-chapitre-classes-schema.png>
Package pdftex.def Info: public/koda-chapitre-classes-schema.png  used on input
 line 1256.
(pdftex.def)             Requested size: 460.07907pt x 317.87773pt.


Package caption Warning: The option `hypcap=true' will be ignored for this
(caption)                particular \caption on input line 1256.
See the caption package documentation for explanation.

<public/dsg.png, id=1638, 682.04813pt x 361.35pt>
File: public/dsg.png Graphic file (type png)
<use public/dsg.png>
Package pdftex.def Info: public/dsg.png  used on input line 1282.
(pdftex.def)             Requested size: 460.07907pt x 243.75185pt.

Package caption Warning: The option `hypcap=true' will be ignored for this
(caption)                particular \caption on input line 1282.
See the caption package documentation for explanation.

[27

 <./public/koda-chapitre-classes-schema.png>]
<public/block1.png, id=1644, 585.68813pt x 584.1825pt>
File: public/block1.png Graphic file (type png)
<use public/block1.png>
Package pdftex.def Info: public/block1.png  used on input line 1299.
(pdftex.def)             Requested size: 460.07907pt x 458.91408pt.


Package caption Warning: The option `hypcap=true' will be ignored for this
(caption)                particular \caption on input line 1299.
See the caption package documentation for explanation.

[28 <./public/dsg.png>]
<public/dsb1-part1-mermaid.png, id=1650, 1268.74pt x 505.89pt>
File: public/dsb1-part1-mermaid.png Graphic file (type png)
<use public/dsb1-part1-mermaid.png>
Package pdftex.def Info: public/dsb1-part1-mermaid.png  used on input line 1304
.
(pdftex.def)             Requested size: 413.13632pt x 164.72878pt.
<public/dsb1-part1.png, id=1651, 975.645pt x 705.63625pt>
File: public/dsb1-part1.png Graphic file (type png)
<use public/dsb1-part1.png>
Package pdftex.def Info: public/dsb1-part1.png  used on input line 1308.
(pdftex.def)             Requested size: 413.13632pt x 298.79857pt.
<public/dsb1-part2-mermaid.png, id=1652, 1145.27875pt x 873.2625pt>
File: public/dsb1-part2-mermaid.png Graphic file (type png)
<use public/dsb1-part2-mermaid.png>
Package pdftex.def Info: public/dsb1-part2-mermaid.png  used on input line 1312
.
(pdftex.def)             Requested size: 413.13632pt x 315.01385pt.
<public/dsb1-part2.png, id=1653, 733.74126pt x 678.535pt>
File: public/dsb1-part2.png Graphic file (type png)
<use public/dsb1-part2.png>
Package pdftex.def Info: public/dsb1-part2.png  used on input line 1316.
(pdftex.def)             Requested size: 413.13632pt x 382.05807pt.


LaTeX Warning: Float too large for page by 482.7635pt on input line 1319.

<public/ducb1.png, id=1654, 427.5975pt x 163.3603pt>
File: public/ducb1.png Graphic file (type png)
<use public/ducb1.png>
Package pdftex.def Info: public/ducb1.png  used on input line 1320.
(pdftex.def)             Requested size: 413.13632pt x 157.83612pt.

Package caption Warning: The option `hypcap=true' will be ignored for this
(caption)                particular \caption on input line 1320.
See the caption package documentation for explanation.

[29 <./public/block1.png> <./public/ducb1.png>] [30 <./public/dsb1-part1-mermai
d.png (PNG copy)> <./public/dsb1-part1.png (PNG copy)> <./public/dsb1-part2-mer
maid.png (PNG copy)> <./public/dsb1-part2.png (PNG copy)>]
Overfull \hbox (16.42932pt too wide) in paragraph at lines 1350--1354
[]\T1/ptm/b/n/12 (-20) SerpAPI \T1/ptm/m/n/12 (-20) (clé API, mo-teur \T1/cmtt/
m/n/12 youtube \T1/ptm/m/n/12 (-20) uni-que-ment) ali-mente \T1/ptm/m/it/12 (-2
0) Search Mu-sic \T1/ptm/m/n/12 (-20) pour ob-te-nir \T1/cmtt/m/n/12 youtube_ur
l
 []

<public/serpapi.png, id=1669, 1317.42188pt x 263.48438pt>
File: public/serpapi.png Graphic file (type png)
<use public/serpapi.png>
Package pdftex.def Info: public/serpapi.png  used on input line 1354.
(pdftex.def)             Requested size: 460.07907pt x 92.01585pt.

Package caption Warning: The option `hypcap=true' will be ignored for this
(caption)                particular \caption on input line 1354.
See the caption package documentation for explanation.

<public/block1-serpapi-search-music.png, id=1670, 1027.84pt x 440.64626pt>
File: public/block1-serpapi-search-music.png Graphic file (type png)
<use public/block1-serpapi-search-music.png>
Package pdftex.def Info: public/block1-serpapi-search-music.png  used on input 
line 1357.
(pdftex.def)             Requested size: 460.07907pt x 197.24008pt.

Package caption Warning: The option `hypcap=true' will be ignored for this
(caption)                particular \caption on input line 1357.
See the caption package documentation for explanation.

[31 <./public/serpapi.png> <./public/block1-serpapi-search-music.png>]
<public/historique.png, id=1676, 610.53094pt x 264.99pt>
File: public/historique.png Graphic file (type png)
<use public/historique.png>
Package pdftex.def Info: public/historique.png  used on input line 1367.
(pdftex.def)             Requested size: 413.13632pt x 179.32147pt.


Package caption Warning: The option `hypcap=true' will be ignored for this
(caption)                particular \caption on input line 1367.
See the caption package documentation for explanation.

<public/dsb2.png, id=1677, 979.40906pt x 301.125pt>
File: public/dsb2.png Graphic file (type png)
<use public/dsb2.png>
Package pdftex.def Info: public/dsb2.png  used on input line 1368.
(pdftex.def)             Requested size: 413.13632pt x 127.0184pt.

Package caption Warning: The option `hypcap=true' will be ignored for this
(caption)                particular \caption on input line 1368.
See the caption package documentation for explanation.


Overfull \hbox (33.46753pt too wide) in paragraph at lines 1399--1399
[]|\T1/cmtt/m/n/10.95 information_personnel|  
 []


Overfull \hbox (27.80916pt too wide) in paragraph at lines 1399--1399
[]|\T1/cmtt/m/n/10.95 information_generale|  
 []

[32 <./public/historique.png> <./public/dsb2.png>]
<public/clasifer.png, id=1685, 386.94562pt x 154.32657pt>
File: public/clasifer.png Graphic file (type png)
<use public/clasifer.png>
Package pdftex.def Info: public/clasifer.png  used on input line 1402.
(pdftex.def)             Requested size: 460.07907pt x 183.4978pt.


Package caption Warning: The option `hypcap=true' will be ignored for this
(caption)                particular \caption on input line 1402.
See the caption package documentation for explanation.

<public/ch3-classification-sequence-mermaid.png, id=1686, 1088.065pt x 471.7625
pt>
File: public/ch3-classification-sequence-mermaid.png Graphic file (type png)
<use public/ch3-classification-sequence-mermaid.png>
Package pdftex.def Info: public/ch3-classification-sequence-mermaid.png  used o
n input line 1405.
(pdftex.def)             Requested size: 460.07907pt x 199.48502pt.

Package caption Warning: The option `hypcap=true' will be ignored for this
(caption)                particular \caption on input line 1405.
See the caption package documentation for explanation.

[33 <./public/clasifer.png> <./public/ch3-classification-sequence-mermaid.png (
PNG copy)>]
<public/ducb3.png, id=1692, 610.53094pt x 416.30531pt>
File: public/ducb3.png Graphic file (type png)
<use public/ducb3.png>
Package pdftex.def Info: public/ducb3.png  used on input line 1406.
(pdftex.def)             Requested size: 460.07907pt x 313.72736pt.


Package caption Warning: The option `hypcap=true' will be ignored for this
(caption)                particular \caption on input line 1406.
See the caption package documentation for explanation.


Overfull \hbox (17.33481pt too wide) in paragraph at lines 1416--1418
[]\T1/ptm/b/n/12 (-20) OpenRouter \T1/ptm/m/n/12 (-20) cen-tra-lise l'ac-cès au
 mo-dèle \T1/cmtt/m/n/12 google/gemini-2.5-flash-lite-preview-09-2025
 []

<public/openrouter.png, id=1693, 411.78844pt x 314.67563pt>
File: public/openrouter.png Graphic file (type png)
<use public/openrouter.png>
Package pdftex.def Info: public/openrouter.png  used on input line 1418.
(pdftex.def)             Requested size: 338.01932pt x 258.30457pt.

Package caption Warning: The option `hypcap=true' will be ignored for this
(caption)                particular \caption on input line 1418.
See the caption package documentation for explanation.

[34 <./public/ducb3.png>]
<public/openrouter-dashboard.png, id=1699, 1027.84pt x 435.6275pt>
File: public/openrouter-dashboard.png Graphic file (type png)
<use public/openrouter-dashboard.png>
Package pdftex.def Info: public/openrouter-dashboard.png  used on input line 14
21.
(pdftex.def)             Requested size: 460.07907pt x 194.9936pt.


Package caption Warning: The option `hypcap=true' will be ignored for this
(caption)                particular \caption on input line 1421.
See the caption package documentation for explanation.


Overfull \hbox (35.64058pt too wide) in paragraph at lines 1430--1430
\T1/ptm/b/n/12 (-20) Rôle pra-tique (n8n). \T1/ptm/m/it/12 (-20) Switch1 \T1/pt
m/m/n/12 (-20) route se-lon \T1/cmtt/m/n/12 questionType \T1/ptm/m/n/12 (-20) e
t \T1/cmtt/m/n/12 persone \T1/ptm/m/n/12 (-20) vers en-re-gis-tre-ment (\T1/cmt
t/m/n/12 presentation\T1/ptm/m/n/12 (-20) ),
 []

<public/block4-workflow.png, id=1700, 547.2947pt x 374.90062pt>
File: public/block4-workflow.png Graphic file (type png)
<use public/block4-workflow.png>
Package pdftex.def Info: public/block4-workflow.png  used on input line 1432.
(pdftex.def)             Requested size: 460.07907pt x 315.16035pt.

Package caption Warning: The option `hypcap=true' will be ignored for this
(caption)                particular \caption on input line 1432.
See the caption package documentation for explanation.

[35 <./public/openrouter.png> <./public/openrouter-dashboard.png>]
LaTeX Font Info:    Font shape `T1/cmtt/bx/n' in size <10.95> not available
(Font)              Font shape `T1/cmtt/m/n' tried instead on input line 1451.
<public/ch3-block4-scenario-presentation.png, id=1707, 1411.2725pt x 706.64pt>
File: public/ch3-block4-scenario-presentation.png Graphic file (type png)
<use public/ch3-block4-scenario-presentation.png>
Package pdftex.def Info: public/ch3-block4-scenario-presentation.png  used on i
nput line 1456.
(pdftex.def)             Requested size: 413.13632pt x 206.86119pt.
<public/ch3-block4-scenario-unkonu.png, id=1708, 1411.2725pt x 805.0075pt>
File: public/ch3-block4-scenario-unkonu.png Graphic file (type png)
<use public/ch3-block4-scenario-unkonu.png>
Package pdftex.def Info: public/ch3-block4-scenario-unkonu.png  used on input l
ine 1466.
(pdftex.def)             Requested size: 413.13632pt x 235.65721pt.
<public/block4-exemple-input-unkonu.png, id=1709, 508.14844pt x 355.3275pt>
File: public/block4-exemple-input-unkonu.png Graphic file (type png)
<use public/block4-exemple-input-unkonu.png>
Package pdftex.def Info: public/block4-exemple-input-unkonu.png  used on input 
line 1476.
(pdftex.def)             Requested size: 413.13632pt x 288.89806pt.
<public/block4-exemple-output-unkonu.png, id=1710, 501.37312pt x 213.79875pt>
File: public/block4-exemple-output-unkonu.png Graphic file (type png)
<use public/block4-exemple-output-unkonu.png>
Package pdftex.def Info: public/block4-exemple-output-unkonu.png  used on input
 line 1480.
(pdftex.def)             Requested size: 413.13632pt x 176.1806pt.
<public/ch3-block4-scenario-connu.png, id=1711, 947.54pt x 618.31pt>
File: public/ch3-block4-scenario-connu.png Graphic file (type png)
<use public/ch3-block4-scenario-connu.png>
Package pdftex.def Info: public/ch3-block4-scenario-connu.png  used on input li
ne 1490.
(pdftex.def)             Requested size: 413.13632pt x 269.58536pt.
<public/block4-sequence-workflow.png, id=1712, 1027.84pt x 557.08125pt>
File: public/block4-sequence-workflow.png Graphic file (type png)
<use public/block4-sequence-workflow.png>
Package pdftex.def Info: public/block4-sequence-workflow.png  used on input lin
e 1496.
(pdftex.def)             Requested size: 460.07907pt x 249.35818pt.


Package caption Warning: The option `hypcap=true' will be ignored for this
(caption)                particular \caption on input line 1496.
See the caption package documentation for explanation.

[36 <./public/block4-workflow.png>] [37 <./public/ch3-block4-scenario-presentat
ion.png (PNG copy)> <./public/ch3-block4-scenario-unkonu.png (PNG copy)>]
[38 <./public/block4-exemple-input-unkonu.png> <./public/block4-exemple-output-
unkonu.png>] [39 <./public/ch3-block4-scenario-connu.png (PNG copy)> <./public/
block4-sequence-workflow.png>]
<public/demigauchedroit.png, id=1732, 642.14906pt x 356.83313pt>
File: public/demigauchedroit.png Graphic file (type png)
<use public/demigauchedroit.png>
Package pdftex.def Info: public/demigauchedroit.png  used on input line 1521.
(pdftex.def)             Requested size: 460.07907pt x 255.66733pt.


Package caption Warning: The option `hypcap=true' will be ignored for this
(caption)                particular \caption on input line 1521.
See the caption package documentation for explanation.

<public/ch3-block5-reponse-mermaid.png, id=1733, 2065.7175pt x 1250.6725pt>
File: public/ch3-block5-reponse-mermaid.png Graphic file (type png)
<use public/ch3-block5-reponse-mermaid.png>
Package pdftex.def Info: public/ch3-block5-reponse-mermaid.png  used on input l
ine 1524.
(pdftex.def)             Requested size: 460.07907pt x 278.5457pt.

Package caption Warning: The option `hypcap=true' will be ignored for this
(caption)                particular \caption on input line 1524.
See the caption package documentation for explanation.

[40 <./public/demigauchedroit.png>]
<public/demigauche.png, id=1739, 590.205pt x 168.63pt>
File: public/demigauche.png Graphic file (type png)
<use public/demigauche.png>
Package pdftex.def Info: public/demigauche.png  used on input line 1525.
(pdftex.def)             Requested size: 460.07907pt x 131.45366pt.


Package caption Warning: The option `hypcap=true' will be ignored for this
(caption)                particular \caption on input line 1525.
See the caption package documentation for explanation.

<public/demidoite.png, id=1740, 581.17125pt x 164.86594pt>
File: public/demidoite.png Graphic file (type png)
<use public/demidoite.png>
Package pdftex.def Info: public/demidoite.png  used on input line 1526.
(pdftex.def)             Requested size: 460.07907pt x 130.51685pt.

Package caption Warning: The option `hypcap=true' will be ignored for this
(caption)                particular \caption on input line 1526.
See the caption package documentation for explanation.

<public/dsb5.png, id=1741, 1029.09468pt x 398.99063pt>
File: public/dsb5.png Graphic file (type png)
<use public/dsb5.png>
Package pdftex.def Info: public/dsb5.png  used on input line 1527.
(pdftex.def)             Requested size: 460.07907pt x 178.38129pt.

Package caption Warning: The option `hypcap=true' will be ignored for this
(caption)                particular \caption on input line 1527.
See the caption package documentation for explanation.

[41 <./public/ch3-block5-reponse-mermaid.png (PNG copy)> <./public/demigauche.p
ng> <./public/demidoite.png>] [42 <./public/dsb5.png>]
<public/ch3-block6-notes-extraction-mermaid.png, id=1754, 2184.16pt x 1182.4175
pt>
File: public/ch3-block6-notes-extraction-mermaid.png Graphic file (type png)
<use public/ch3-block6-notes-extraction-mermaid.png>
Package pdftex.def Info: public/ch3-block6-notes-extraction-mermaid.png  used o
n input line 1569.
(pdftex.def)             Requested size: 460.07907pt x 249.05473pt.


Package caption Warning: The option `hypcap=true' will be ignored for this
(caption)                particular \caption on input line 1569.
See the caption package documentation for explanation.

<public/captureworkflowb6.png, id=1755, 1013.28563pt x 631.60968pt>
File: public/captureworkflowb6.png Graphic file (type png)
<use public/captureworkflowb6.png>
Package pdftex.def Info: public/captureworkflowb6.png  used on input line 1570.

(pdftex.def)             Requested size: 460.07907pt x 286.77568pt.

Package caption Warning: The option `hypcap=true' will be ignored for this
(caption)                particular \caption on input line 1570.
See the caption package documentation for explanation.

<public/block6-note-exemple-input.png, id=1758, 507.39563pt x 292.09125pt>
File: public/block6-note-exemple-input.png Graphic file (type png)
<use public/block6-note-exemple-input.png>
Package pdftex.def Info: public/block6-note-exemple-input.png  used on input li
ne 1576.
(pdftex.def)             Requested size: 460.07907pt x 264.85855pt.

Package caption Warning: The option `hypcap=true' will be ignored for this
(caption)                particular \caption on input line 1576.
See the caption package documentation for explanation.

[43 <./public/ch3-block6-notes-extraction-mermaid.png (PNG copy)> <./public/cap
tureworkflowb6.png>]
<public/block6-note-exemple-output.png, id=1764, 499.11469pt x 191.21437pt>
File: public/block6-note-exemple-output.png Graphic file (type png)
<use public/block6-note-exemple-output.png>
Package pdftex.def Info: public/block6-note-exemple-output.png  used on input l
ine 1577.
(pdftex.def)             Requested size: 460.07907pt x 176.26363pt.


Package caption Warning: The option `hypcap=true' will be ignored for this
(caption)                particular \caption on input line 1577.
See the caption package documentation for explanation.


Overfull \hbox (5.27238pt too wide) in paragraph at lines 1605--1605
[]|\T1/cmtt/m/n/10.95 conversations|  
 []


Overfull \hbox (5.27238pt too wide) in paragraph at lines 1605--1605
[]|\T1/cmtt/m/n/10.95 personal_info|  
 []

[44 <./public/block6-note-exemple-input.png> <./public/block6-note-exemple-outp
ut.png>]
<public/ch3-block6-persistence-mermaid.png, id=1774, 2107.875pt x 1094.0875pt>
File: public/ch3-block6-persistence-mermaid.png Graphic file (type png)
<use public/ch3-block6-persistence-mermaid.png>
Package pdftex.def Info: public/ch3-block6-persistence-mermaid.png  used on inp
ut line 1610.
(pdftex.def)             Requested size: 460.07907pt x 238.79683pt.


Package caption Warning: The option `hypcap=true' will be ignored for this
(caption)                particular \caption on input line 1610.
See the caption package documentation for explanation.

<public/dcb6.png, id=1775, 714.41907pt x 410.2828pt>
File: public/dcb6.png Graphic file (type png)
<use public/dcb6.png>
Package pdftex.def Info: public/dcb6.png  used on input line 1611.
(pdftex.def)             Requested size: 460.07907pt x 264.22032pt.

Package caption Warning: The option `hypcap=true' will be ignored for this
(caption)                particular \caption on input line 1611.
See the caption package documentation for explanation.

[45 <./public/ch3-block6-persistence-mermaid.png (PNG copy)>] [46 <./public/dcb
6.png>]
<public/webhook2.png, id=1791, 1111.15125pt x 286.06876pt>
File: public/webhook2.png Graphic file (type png)
<use public/webhook2.png>
Package pdftex.def Info: public/webhook2.png  used on input line 1692.
(pdftex.def)             Requested size: 460.07907pt x 118.45004pt.


Package caption Warning: The option `hypcap=true' will be ignored for this
(caption)                particular \caption on input line 1692.
See the caption package documentation for explanation.

[47 <./public/webhook2.png>]
<public/ch3-webhook2-synthese-mermaid.png, id=1798, 2870.725pt x 1766.6pt>
File: public/ch3-webhook2-synthese-mermaid.png Graphic file (type png)
<use public/ch3-webhook2-synthese-mermaid.png>
Package pdftex.def Info: public/ch3-webhook2-synthese-mermaid.png  used on inpu
t line 1695.
(pdftex.def)             Requested size: 460.07907pt x 283.12003pt.


Package caption Warning: The option `hypcap=true' will be ignored for this
(caption)                particular \caption on input line 1695.
See the caption package documentation for explanation.

<public/4conseil.png, id=1799, 405.76593pt x 544.28343pt>
File: public/4conseil.png Graphic file (type png)
<use public/4conseil.png>
Package pdftex.def Info: public/4conseil.png  used on input line 1723.
(pdftex.def)             Requested size: 460.07907pt x 617.15923pt.

Package caption Warning: The option `hypcap=true' will be ignored for this
(caption)                particular \caption on input line 1723.
See the caption package documentation for explanation.

[48 <./public/ch3-webhook2-synthese-mermaid.png (PNG copy)>] [49 <./public/4con
seil.png>]
<public/webhook2-schema-accompagnement.png, id=1810, 485.56406pt x 386.94562pt>

File: public/webhook2-schema-accompagnement.png Graphic file (type png)
<use public/webhook2-schema-accompagnement.png>
Package pdftex.def Info: public/webhook2-schema-accompagnement.png  used on inp
ut line 1736.
(pdftex.def)             Requested size: 338.01932pt x 269.36629pt.


Package caption Warning: The option `hypcap=true' will be ignored for this
(caption)                particular \caption on input line 1736.
See the caption package documentation for explanation.

[50 <./public/webhook2-schema-accompagnement.png>]
Overfull \hbox (462.75427pt too wide) in paragraph at lines 1767--1768
$[]$ 
 []

<public/webhook3.png, id=1816, 1052.43187pt x 379.4175pt>
File: public/webhook3.png Graphic file (type png)
<use public/webhook3.png>
Package pdftex.def Info: public/webhook3.png  used on input line 1772.
(pdftex.def)             Requested size: 460.07907pt x 165.86737pt.

Package caption Warning: The option `hypcap=true' will be ignored for this
(caption)                particular \caption on input line 1772.
See the caption package documentation for explanation.

<public/koda_webhook3_spontaneite_sequence.png, id=1817, 398.6895pt x 468.5505p
t>
File: public/koda_webhook3_spontaneite_sequence.png Graphic file (type png)
<use public/koda_webhook3_spontaneite_sequence.png>
Package pdftex.def Info: public/koda_webhook3_spontaneite_sequence.png  used on
 input line 1775.
(pdftex.def)             Requested size: 460.07907pt x 540.69492pt.

Package caption Warning: The option `hypcap=true' will be ignored for this
(caption)                particular \caption on input line 1775.
See the caption package documentation for explanation.

[51 <./public/webhook3.png>]
<public/webhook3-code11-input.png, id=1824, 1027.84pt x 666.49pt>
File: public/webhook3-code11-input.png Graphic file (type png)
<use public/webhook3-code11-input.png>
Package pdftex.def Info: public/webhook3-code11-input.png  used on input line 1
790.
(pdftex.def)             Requested size: 460.07907pt x 298.33124pt.


Package caption Warning: The option `hypcap=true' will be ignored for this
(caption)                particular \caption on input line 1790.
See the caption package documentation for explanation.

[52 <./public/koda_webhook3_spontaneite_sequence.png>]
<public/webhook3-output-parole.png, id=1830, 427.5975pt x 195.73125pt>
File: public/webhook3-output-parole.png Graphic file (type png)
<use public/webhook3-output-parole.png>
Package pdftex.def Info: public/webhook3-output-parole.png  used on input line 
1799.
(pdftex.def)             Requested size: 431.91199pt x 197.70491pt.


Package caption Warning: The option `hypcap=true' will be ignored for this
(caption)                particular \caption on input line 1799.
See the caption package documentation for explanation.

[53 <./public/webhook3-code11-input.png> <./public/webhook3-output-parole.png>]
<public/ch3-architecture-cognitive-globale.png, id=1838, 1088.065pt x 718.685pt
>
File: public/ch3-architecture-cognitive-globale.png Graphic file (type png)
<use public/ch3-architecture-cognitive-globale.png>
Package pdftex.def Info: public/ch3-architecture-cognitive-globale.png  used on
 input line 1845.
(pdftex.def)             Requested size: 366.1864pt x 241.87129pt.

Package caption Warning: The option `hypcap=true' will be ignored for this
(caption)                particular \caption on input line 1845.
See the caption package documentation for explanation.


Overfull \hbox (65.72476pt too wide) in paragraph at lines 1848--1849
$[]$ 
 []

[54 <./public/ch3-architecture-cognitive-globale.png (PNG copy)>] [55]
Chapitre IV.
[56

]

Package hyperref Warning: Difference (3) between bookmark levels is greater 
(hyperref)                than one, level fixed on input line 1885.


Package hyperref Warning: Difference (2) between bookmark levels is greater 
(hyperref)                than one, level fixed on input line 1909.

[57

] [58]
<public/ducg.png, id=1860, 800.23969pt x 527.72156pt>
File: public/ducg.png Graphic file (type png)
<use public/ducg.png>
Package pdftex.def Info: public/ducg.png  used on input line 2021.
(pdftex.def)             Requested size: 469.47049pt x 309.59761pt.


Package caption Warning: The option `hypcap=true' will be ignored for this
(caption)                particular \caption on input line 2021.
See the caption package documentation for explanation.

[59]
<public/ch4-schema-classes.png, id=1871, 1027.84pt x 950.55125pt>
File: public/ch4-schema-classes.png Graphic file (type png)
<use public/ch4-schema-classes.png>
Package pdftex.def Info: public/ch4-schema-classes.png  used on input line 2030
.
(pdftex.def)             Requested size: 445.99553pt x 412.45667pt.


Package caption Warning: The option `hypcap=true' will be ignored for this
(caption)                particular \caption on input line 2030.
See the caption package documentation for explanation.

[60 <./public/ducg.png>]
<public/ch2-architecture-systeme.png, id=1881, 1064.97874pt x 831.105pt>
File: public/ch2-architecture-systeme.png Graphic file (type png)
<use public/ch2-architecture-systeme.png>
Package pdftex.def Info: public/ch2-architecture-systeme.png  used on input lin
e 2055.
(pdftex.def)             Requested size: 445.99553pt x 348.04718pt.


Package caption Warning: The option `hypcap=true' will be ignored for this
(caption)                particular \caption on input line 2055.
See the caption package documentation for explanation.

[61 <./public/ch4-schema-classes.png>]
<public/ch4-hub-architecture.png, id=1888, 1083.04625pt x 801.99625pt>
File: public/ch4-hub-architecture.png Graphic file (type png)
<use public/ch4-hub-architecture.png>
Package pdftex.def Info: public/ch4-hub-architecture.png  used on input line 20
69.
(pdftex.def)             Requested size: 445.99553pt x 330.25237pt.


Package caption Warning: The option `hypcap=true' will be ignored for this
(caption)                particular \caption on input line 2069.
See the caption package documentation for explanation.

[62 <./public/ch2-architecture-systeme.png (PNG copy)>] [63 <./public/ch4-hub-a
rchitecture.png (PNG copy)>] [64]
<public/archipy.png, id=1902, 712.91344pt x 630.10406pt>
File: public/archipy.png Graphic file (type png)
<use public/archipy.png>
Package pdftex.def Info: public/archipy.png  used on input line 2175.
(pdftex.def)             Requested size: 431.91199pt x 381.73813pt.


Package caption Warning: The option `hypcap=true' will be ignored for this
(caption)                particular \caption on input line 2175.
See the caption package documentation for explanation.

<public/archiipy.png, id=1903, 842.14626pt x 1149.29375pt>
File: public/archiipy.png Graphic file (type png)
<use public/archiipy.png>
Package pdftex.def Info: public/archiipy.png  used on input line 2180.
(pdftex.def)             Requested size: 338.01932pt x 461.3052pt.

Package caption Warning: The option `hypcap=true' will be ignored for this
(caption)                particular \caption on input line 2180.
See the caption package documentation for explanation.

[65 <./public/archipy.png>] [66 <./public/archiipy.png (PNG copy)>]

Package hyperref Warning: Token not allowed in a PDF string (Unicode):
(hyperref)                removing `math shift' on input line 2206.


Package hyperref Warning: Token not allowed in a PDF string (Unicode):
(hyperref)                removing `\leftrightarrow' on input line 2206.


Package hyperref Warning: Token not allowed in a PDF string (Unicode):
(hyperref)                removing `math shift' on input line 2206.

<public/ch4-robot-use-cases.png, id=1917, 597.73312pt x 213.04594pt>
File: public/ch4-robot-use-cases.png Graphic file (type png)
<use public/ch4-robot-use-cases.png>
Package pdftex.def Info: public/ch4-robot-use-cases.png  used on input line 222
1.
(pdftex.def)             Requested size: 460.07907pt x 163.9841pt.

Package caption Warning: The option `hypcap=true' will be ignored for this
(caption)                particular \caption on input line 2221.
See the caption package documentation for explanation.

[67 <./public/ch4-robot-use-cases.png>]
<public/ch4-robot-flux1-vocal-compact.png, id=1933, 786.94pt x 625.33624pt>
File: public/ch4-robot-flux1-vocal-compact.png Graphic file (type png)
<use public/ch4-robot-flux1-vocal-compact.png>
Package pdftex.def Info: public/ch4-robot-flux1-vocal-compact.png  used on inpu
t line 2255.
(pdftex.def)             Requested size: 431.91199pt x 343.21082pt.


Package caption Warning: The option `hypcap=true' will be ignored for this
(caption)                particular \caption on input line 2255.
See the caption package documentation for explanation.

<public/ch4-robot-flux1-vocal-partA.png, id=1934, 786.94pt x 356.33125pt>
File: public/ch4-robot-flux1-vocal-partA.png Graphic file (type png)
<use public/ch4-robot-flux1-vocal-partA.png>
Package pdftex.def Info: public/ch4-robot-flux1-vocal-partA.png  used on input 
line 2257.
(pdftex.def)             Requested size: 460.07907pt x 208.32516pt.

Package caption Warning: The option `hypcap=true' will be ignored for this
(caption)                particular \caption on input line 2257.
See the caption package documentation for explanation.

[68 <./public/ch4-robot-flux1-vocal-compact.png>]
<public/ch4-robot-flux1-vocal-partB.png, id=1941, 786.94pt x 451.6875pt>
File: public/ch4-robot-flux1-vocal-partB.png Graphic file (type png)
<use public/ch4-robot-flux1-vocal-partB.png>
Package pdftex.def Info: public/ch4-robot-flux1-vocal-partB.png  used on input 
line 2259.
(pdftex.def)             Requested size: 460.07907pt x 264.07414pt.


Package caption Warning: The option `hypcap=true' will be ignored for this
(caption)                particular \caption on input line 2259.
See the caption package documentation for explanation.

[69 <./public/ch4-robot-flux1-vocal-partA.png> <./public/ch4-robot-flux1-vocal-
partB.png>]
<public/ch4-robot-flux3-intro-compact.png, id=1950, 786.94pt x 550.055pt>
File: public/ch4-robot-flux3-intro-compact.png Graphic file (type png)
<use public/ch4-robot-flux3-intro-compact.png>
Package pdftex.def Info: public/ch4-robot-flux3-intro-compact.png  used on inpu
t line 2292.
(pdftex.def)             Requested size: 431.91199pt x 301.8933pt.


Package caption Warning: The option `hypcap=true' will be ignored for this
(caption)                particular \caption on input line 2292.
See the caption package documentation for explanation.

<public/ch4-robot-flux3-intro-partA.png, id=1951, 735.74875pt x 383.4325pt>
File: public/ch4-robot-flux3-intro-partA.png Graphic file (type png)
<use public/ch4-robot-flux3-intro-partA.png>
Package pdftex.def Info: public/ch4-robot-flux3-intro-partA.png  used on input 
line 2294.
(pdftex.def)             Requested size: 460.07907pt x 239.77344pt.

Package caption Warning: The option `hypcap=true' will be ignored for this
(caption)                particular \caption on input line 2294.
See the caption package documentation for explanation.

[70 <./public/ch4-robot-flux3-intro-compact.png>]
<public/ch4-robot-flux3-intro-partB.png, id=1960, 786.94pt x 369.38pt>
File: public/ch4-robot-flux3-intro-partB.png Graphic file (type png)
<use public/ch4-robot-flux3-intro-partB.png>
Package pdftex.def Info: public/ch4-robot-flux3-intro-partB.png  used on input 
line 2296.
(pdftex.def)             Requested size: 460.07907pt x 215.95396pt.


Package caption Warning: The option `hypcap=true' will be ignored for this
(caption)                particular \caption on input line 2296.
See the caption package documentation for explanation.

[71 <./public/ch4-robot-flux3-intro-partA.png> <./public/ch4-robot-flux3-intro-
partB.png>]
<public/ch4-websocket-sequence.png, id=1967, 1049.9225pt x 717.68124pt>
File: public/ch4-websocket-sequence.png Graphic file (type png)
<use public/ch4-websocket-sequence.png>
Package pdftex.def Info: public/ch4-websocket-sequence.png  used on input line 
2317.
(pdftex.def)             Requested size: 445.99553pt x 304.86266pt.


Package caption Warning: The option `hypcap=true' will be ignored for this
(caption)                particular \caption on input line 2317.
See the caption package documentation for explanation.

<public/azur.png, id=1969, 560.0925pt x 290.58563pt>
File: public/azur.png Graphic file (type png)
<use public/azur.png>
Package pdftex.def Info: public/azur.png  used on input line 2342.
(pdftex.def)             Requested size: 445.99553pt x 231.40022pt.

Package caption Warning: The option `hypcap=true' will be ignored for this
(caption)                particular \caption on input line 2342.
See the caption package documentation for explanation.

[72 <./public/ch4-websocket-sequence.png (PNG copy)>]
<public/tts.png, id=1980, 541.27219pt x 101.62968pt>
File: public/tts.png Graphic file (type png)
<use public/tts.png>
Package pdftex.def Info: public/tts.png  used on input line 2345.
(pdftex.def)             Requested size: 445.99553pt x 83.74316pt.


Package caption Warning: The option `hypcap=true' will be ignored for this
(caption)                particular \caption on input line 2345.
See the caption package documentation for explanation.

<public/stt.png, id=1981, 490.08093pt x 249.18094pt>
File: public/stt.png Graphic file (type png)
<use public/stt.png>
Package pdftex.def Info: public/stt.png  used on input line 2348.
(pdftex.def)             Requested size: 445.99553pt x 226.7702pt.

Package caption Warning: The option `hypcap=true' will be ignored for this
(caption)                particular \caption on input line 2348.
See the caption package documentation for explanation.

[73 <./public/azur.png> <./public/tts.png> <./public/stt.png>]
<public/ch4-face-recognition-pipeline.png, id=1991, 786.94pt x 166.6225pt>
File: public/ch4-face-recognition-pipeline.png Graphic file (type png)
<use public/ch4-face-recognition-pipeline.png>
Package pdftex.def Info: public/ch4-face-recognition-pipeline.png  used on inpu
t line 2389.
(pdftex.def)             Requested size: 431.91199pt x 91.44942pt.


Package caption Warning: The option `hypcap=true' will be ignored for this
(caption)                particular \caption on input line 2389.
See the caption package documentation for explanation.

[74 <./public/ch4-face-recognition-pipeline.png (PNG copy)>]
<public/ch4-face-recognition-sequence.png, id=2000, 786.94pt x 473.77pt>
File: public/ch4-face-recognition-sequence.png Graphic file (type png)
<use public/ch4-face-recognition-sequence.png>
Package pdftex.def Info: public/ch4-face-recognition-sequence.png  used on inpu
t line 2393.
(pdftex.def)             Requested size: 445.99553pt x 268.50467pt.


Package caption Warning: The option `hypcap=true' will be ignored for this
(caption)                particular \caption on input line 2393.
See the caption package documentation for explanation.

<public/dataset.png, id=2001, 515.67656pt x 514.17094pt>
File: public/dataset.png Graphic file (type png)
<use public/dataset.png>
Package pdftex.def Info: public/dataset.png  used on input line 2397.
(pdftex.def)             Requested size: 445.99553pt x 444.70468pt.

Package caption Warning: The option `hypcap=true' will be ignored for this
(caption)                particular \caption on input line 2397.
See the caption package documentation for explanation.

[75 <./public/ch4-face-recognition-sequence.png (PNG copy)>] [76 <./public/data
set.png>] [77]
<public/ch4-mobile-auth.png, id=2022, 1186.4325pt x 577.15625pt>
File: public/ch4-mobile-auth.png Graphic file (type png)
<use public/ch4-mobile-auth.png>
Package pdftex.def Info: public/ch4-mobile-auth.png  used on input line 2482.
(pdftex.def)             Requested size: 431.91199pt x 210.10985pt.


Package caption Warning: The option `hypcap=true' will be ignored for this
(caption)                particular \caption on input line 2482.
See the caption package documentation for explanation.

[78 <./public/ch4-mobile-auth.png (PNG copy)>]
<public/ch4-mobile-chat.png, id=2028, 1430.34375pt x 858.20625pt>
File: public/ch4-mobile-chat.png Graphic file (type png)
<use public/ch4-mobile-chat.png>
Package pdftex.def Info: public/ch4-mobile-chat.png  used on input line 2510.
(pdftex.def)             Requested size: 431.91199pt x 259.14005pt.


Package caption Warning: The option `hypcap=true' will be ignored for this
(caption)                particular \caption on input line 2510.
See the caption package documentation for explanation.

<public/ch4-mobile-settings.png, id=2029, 1152.305pt x 1392.20125pt>
File: public/ch4-mobile-settings.png Graphic file (type png)
<use public/ch4-mobile-settings.png>
Package pdftex.def Info: public/ch4-mobile-settings.png  used on input line 252
0.
(pdftex.def)             Requested size: 445.99553pt x 538.83511pt.

Package caption Warning: The option `hypcap=true' will be ignored for this
(caption)                particular \caption on input line 2520.
See the caption package documentation for explanation.

[79 <./public/ch4-mobile-chat.png (PNG copy)>]
<public/exucution.png, id=2039, 776.14969pt x 580.41844pt>
File: public/exucution.png Graphic file (type png)
<use public/exucution.png>
Package pdftex.def Info: public/exucution.png  used on input line 2534.
(pdftex.def)             Requested size: 422.52057pt x 315.97195pt.


Package caption Warning: The option `hypcap=true' will be ignored for this
(caption)                particular \caption on input line 2534.
See the caption package documentation for explanation.

[80 <./public/ch4-mobile-settings.png (PNG copy)>]
<public/supabase.jpg, id=2044, 828.09375pt x 255.95625pt>
File: public/supabase.jpg Graphic file (type jpg)
<use public/supabase.jpg>
Package pdftex.def Info: public/supabase.jpg  used on input line 2547.
(pdftex.def)             Requested size: 445.99553pt x 137.855pt.


Package caption Warning: The option `hypcap=true' will be ignored for this
(caption)                particular \caption on input line 2547.
See the caption package documentation for explanation.

LaTeX Font Info:    Font shape `T1/cmtt/bx/n' in size <12> not available
(Font)              Font shape `T1/cmtt/m/n' tried instead on input line 2554.
[81 <./public/exucution.png> <./public/supabase.jpg>] [82]
<public/ch4-n8n-sequence.png, id=2061, 1320.935pt x 787.94376pt>
File: public/ch4-n8n-sequence.png Graphic file (type png)
<use public/ch4-n8n-sequence.png>
Package pdftex.def Info: public/ch4-n8n-sequence.png  used on input line 2595.
(pdftex.def)             Requested size: 445.99553pt x 266.03375pt.


Package caption Warning: The option `hypcap=true' will be ignored for this
(caption)                particular \caption on input line 2595.
See the caption package documentation for explanation.

<public/captureworkflowinput.png, id=2062, 1075.76906pt x 587.19376pt>
File: public/captureworkflowinput.png Graphic file (type png)
<use public/captureworkflowinput.png>
Package pdftex.def Info: public/captureworkflowinput.png  used on input line 26
00.
(pdftex.def)             Requested size: 445.99553pt x 243.43895pt.

Package caption Warning: The option `hypcap=true' will be ignored for this
(caption)                particular \caption on input line 2600.
See the caption package documentation for explanation.

[83 <./public/ch4-n8n-sequence.png (PNG copy)> <./public/captureworkflowinput.p
ng>] [84]
Overfull \hbox (35.89447pt too wide) in paragraph at lines 2774--2774
[]|\T1/cmtt/m/n/10.95 /api/audio/speech-to-n8n-to-speech|  
 []


Overfull \hbox (27.35855pt too wide) in paragraph at lines 2796--2796
[]|\T1/cmtt/m/n/10.95 /api/audio/speech-to-n8n-to-speech|  
 []


Overfull \hbox (95.58081pt too wide) in paragraph at lines 2834--2834
[]|\T1/cmtt/m/n/10.95 /api/conversations?date_from&date_to|  
 []


Overfull \hbox (38.9971pt too wide) in paragraph at lines 2834--2834
[]|\T1/cmtt/m/n/10.95 /api/conversations/last100|  
 []

[85] [86] [87]

Package hyperref Warning: Token not allowed in a PDF string (Unicode):
(hyperref)                removing `math shift' on input line 2862.


Package hyperref Warning: Token not allowed in a PDF string (Unicode):
(hyperref)                removing `\rightarrow' on input line 2862.


Package hyperref Warning: Token not allowed in a PDF string (Unicode):
(hyperref)                removing `math shift' on input line 2862.

[88]
Overfull \hbox (18.2809pt too wide) in paragraph at lines 2960--2964
[]\T1/ptm/m/n/12 (-20) Lors des pre-miers tests d'in-té-gra-tion, le Rasp-berry
 Pi était confi-guré avec \T1/cmtt/m/n/12 http://localhost:8000
 []

<public/ch4-deployment-network.png, id=2094, 1309.89375pt x 370.38374pt>
File: public/ch4-deployment-network.png Graphic file (type png)
<use public/ch4-deployment-network.png>
Package pdftex.def Info: public/ch4-deployment-network.png  used on input line 
2977.
(pdftex.def)             Requested size: 431.91199pt x 122.12527pt.

Package caption Warning: The option `hypcap=true' will be ignored for this
(caption)                particular \caption on input line 2977.
See the caption package documentation for explanation.

[89]
Overfull \hbox (60.42499pt too wide) in paragraph at lines 2982--2987
\T1/ptm/m/n/12 (-20) en-voie des re-quêtes HTTP cross-origin vers le ba-ckend F
as-tAPI. Sans en-têtes \T1/cmtt/m/n/12 Access-Control-Allow-Origin
 []


Overfull \hbox (19.66489pt too wide) in paragraph at lines 2988--2994
[]\T1/ptm/b/n/12 (-20) Solution \T1/ptm/m/n/12 (-20) : confi-gu-ra-tion ex-pli-
cite du \T1/cmtt/m/n/12 CORSMiddleware \T1/ptm/m/n/12 (-20) : ori-gines au-to-r
i-sées (\T1/cmtt/m/n/12 http://localhost:*\T1/ptm/m/n/12 (-20) ,
 []

[90 <./public/ch4-deployment-network.png (PNG copy)>] [91]
Chapitre V.
[92

]
<public/robot_reel.jpeg, id=2112, 1061.9675pt x 1606.0pt>
File: public/robot_reel.jpeg Graphic file (type jpg)
<use public/robot_reel.jpeg>
Package pdftex.def Info: public/robot_reel.jpeg  used on input line 3102.
(pdftex.def)             Requested size: 352.10286pt x 532.48122pt.
 [93

] [94 <./public/robot_reel.jpeg>] [95]
<public/conception3d.png, id=2129, 1156.32pt x 611.28375pt>
File: public/conception3d.png Graphic file (type png)
<use public/conception3d.png>
Package pdftex.def Info: public/conception3d.png  used on input line 3196.
(pdftex.def)             Requested size: 431.91199pt x 228.32608pt.
 [96 <./public/conception3d.png>]
<public/raspberry.jpg, id=2135, 294.09875pt x 172.645pt>
File: public/raspberry.jpg Graphic file (type jpg)
<use public/raspberry.jpg>
Package pdftex.def Info: public/raspberry.jpg  used on input line 3234.
(pdftex.def)             Requested size: 258.21019pt x 151.57768pt.
[97 <./public/raspberry.jpg>]
<public/arduino.jpg, id=2140, 225.84375pt x 225.84375pt>
File: public/arduino.jpg Graphic file (type jpg)
<use public/arduino.jpg>
Package pdftex.def Info: public/arduino.jpg  used on input line 3297.
(pdftex.def)             Requested size: 258.21019pt x 258.24335pt.
<public/l293d.jpg, id=2141, 225.84375pt x 225.84375pt>
File: public/l293d.jpg Graphic file (type jpg)
<use public/l293d.jpg>
Package pdftex.def Info: public/l293d.jpg  used on input line 3307.
(pdftex.def)             Requested size: 258.21019pt x 258.24335pt.
 [98 <./public/arduino.jpg> <./public/l293d.jpg>]
<public/moteur.jpg, id=2147, 276.03125pt x 183.68625pt>
File: public/moteur.jpg Graphic file (type jpg)
<use public/moteur.jpg>
Package pdftex.def Info: public/moteur.jpg  used on input line 3328.
(pdftex.def)             Requested size: 234.73524pt x 156.21251pt.
<public/ch3-traction-differentielle.png, id=2148, 1381.16pt x 770.88pt>
File: public/ch3-traction-differentielle.png Graphic file (type png)
<use public/ch3-traction-differentielle.png>
Package pdftex.def Info: public/ch3-traction-differentielle.png  used on input 
line 3340.
(pdftex.def)             Requested size: 399.05278pt x 222.72609pt.

[99 <./public/moteur.jpg> <./public/ch3-traction-differentielle.png>]
<public/servo.jpg, id=2154, 247.92625pt x 204.765pt>
File: public/servo.jpg Graphic file (type jpg)
<use public/servo.jpg>
Package pdftex.def Info: public/servo.jpg  used on input line 3363.
(pdftex.def)             Requested size: 234.73524pt x 193.87262pt.
<public/mic.jpg, id=2156, 259.97125pt x 194.7275pt>
File: public/mic.jpg Graphic file (type jpg)
<use public/mic.jpg>
Package pdftex.def Info: public/mic.jpg  used on input line 3395.
(pdftex.def)             Requested size: 258.21019pt x 193.40775pt.
 [100 <./public/servo.jpg>]
<public/ch3-schema-doa.png, id=2161, 1381.16pt x 770.88pt>
File: public/ch3-schema-doa.png Graphic file (type png)
<use public/ch3-schema-doa.png>
Package pdftex.def Info: public/ch3-schema-doa.png  used on input line 3407.
(pdftex.def)             Requested size: 413.13632pt x 230.58354pt.
<public/pam8403.jpg, id=2162, 246.9225pt x 205.76875pt>
File: public/pam8403.jpg Graphic file (type jpg)
<use public/pam8403.jpg>
Package pdftex.def Info: public/pam8403.jpg  used on input line 3435.
(pdftex.def)             Requested size: 234.73524pt x 195.61105pt.
 [101 <./public/mic.jpg> <./public/ch3-schema-doa.png>]
<public/hauteparleurs.jpg, id=2169, 186.6975pt x 186.6975pt>
File: public/hauteparleurs.jpg Graphic file (type jpg)
<use public/hauteparleurs.jpg>
Package pdftex.def Info: public/hauteparleurs.jpg  used on input line 3445.
(pdftex.def)             Requested size: 234.73524pt x 234.7444pt.
<public/camera.jpg, id=2170, 257.96375pt x 196.735pt>
File: public/camera.jpg Graphic file (type jpg)
<use public/camera.jpg>
Package pdftex.def Info: public/camera.jpg  used on input line 3466.
(pdftex.def)             Requested size: 211.26028pt x 161.12259pt.

[102 <./public/pam8403.jpg> <./public/hauteparleurs.jpg>]
<public/ecran.jpg, id=2175, 225.84375pt x 225.84375pt>
File: public/ecran.jpg Graphic file (type jpg)
<use public/ecran.jpg>
Package pdftex.def Info: public/ecran.jpg  used on input line 3498.
(pdftex.def)             Requested size: 258.21019pt x 258.24335pt.
 [103 <./public/camera.jpg> <./public/ecran.jpg>]
<public/powerbank.jpg, id=2180, 225.84375pt x 224.84pt>
File: public/powerbank.jpg Graphic file (type jpg)
<use public/powerbank.jpg>
Package pdftex.def Info: public/powerbank.jpg  used on input line 3536.
(pdftex.def)             Requested size: 234.73524pt x 233.70457pt.
<public/piles.jpg, id=2181, 225.84375pt x 225.84375pt>
File: public/piles.jpg Graphic file (type jpg)
<use public/piles.jpg>
Package pdftex.def Info: public/piles.jpg  used on input line 3546.
(pdftex.def)             Requested size: 234.73524pt x 234.74788pt.
 [104 <./public/powerbank.jpg>]
<public/ch3-architecture-materielle.png, id=2187, 1027.84pt x 573.14125pt>
File: public/ch3-architecture-materielle.png Graphic file (type png)
<use public/ch3-architecture-materielle.png>
Package pdftex.def Info: public/ch3-architecture-materielle.png  used on input 
line 3567.
(pdftex.def)             Requested size: 469.47049pt x 261.7854pt.
 [105 <./public/piles.jpg> <./public/ch3-architecture-materielle.png>]

Package hyperref Warning: Difference (2) between bookmark levels is greater 
(hyperref)                than one, level fixed on input line 3688.

[106]
Package hyperref Info: bookmark level for unknown lstlisting defaults to 0 on i
nput line 3692.
LaTeX Font Info:    Font shape `T1/cmtt/bx/n' in size <10> not available
(Font)              Font shape `T1/cmtt/m/n' tried instead on input line 3694.
 [107] [108]
(C:\Users\l\AppData\Local\Programs\MiKTeX\tex/latex/listings\lstlang1.sty
File: lstlang1.sty 2025/11/14 1.11b listings language file
)
(C:\Users\l\AppData\Local\Programs\MiKTeX\tex/latex/listings\lstlang1.sty
File: lstlang1.sty 2025/11/14 1.11b listings language file
)
(C:\Users\l\AppData\Local\Programs\MiKTeX\tex/latex/listings\lstlang1.sty
File: lstlang1.sty 2025/11/14 1.11b listings language file
)
(C:\Users\l\AppData\Local\Programs\MiKTeX\tex/latex/listings\lstmisc.sty
File: lstmisc.sty 2025/11/14 1.11b (Carsten Heinz)
)
[109]

Package hyperref Warning: Token not allowed in a PDF string (Unicode):
(hyperref)                removing `\leavevmode@ifvmode' on input line 3822.


Package hyperref Warning: Token not allowed in a PDF string (Unicode):
(hyperref)                \kern 2.00006pt
(hyperref)                removed on input line 3822.

[110] [111]
Chapitre VI.
[112

] [113

]
<public/koda-cycle4-logical-architecture.png, id=2310, 2133.9725pt x 728.7225pt
>
File: public/koda-cycle4-logical-architecture.png Graphic file (type png)
<use public/koda-cycle4-logical-architecture.png>
Package pdftex.def Info: public/koda-cycle4-logical-architecture.png  used on i
nput line 3936.
(pdftex.def)             Requested size: 460.07907pt x 157.10594pt.
<public/ch4-raspberry-corps-operationnel.png, id=2311, 1116.17pt x 449.68pt>
File: public/ch4-raspberry-corps-operationnel.png Graphic file (type png)
<use public/ch4-raspberry-corps-operationnel.png>
Package pdftex.def Info: public/ch4-raspberry-corps-operationnel.png  used on i
nput line 3954.
(pdftex.def)             Requested size: 445.99553pt x 179.67668pt.
<public/koda-cycle4-code-architecture.png, id=2312, 1943.26pt x 669.50125pt>
File: public/koda-cycle4-code-architecture.png Graphic file (type png)
<use public/koda-cycle4-code-architecture.png>
Package pdftex.def Info: public/koda-cycle4-code-architecture.png  used on inpu
t line 3984.
(pdftex.def)             Requested size: 460.07907pt x 158.50763pt.
 [114 <./public/koda-cycle4-logical-architecture.png (PNG copy)> <./public/ch4-
raspberry-corps-operationnel.png (PNG copy)>]
<public/koda-cycle4-classes-services.png, id=2317, 1492.57625pt x 795.97375pt>
File: public/koda-cycle4-classes-services.png Graphic file (type png)
<use public/koda-cycle4-classes-services.png>
Package pdftex.def Info: public/koda-cycle4-classes-services.png  used on input
 line 4000.
(pdftex.def)             Requested size: 460.07907pt x 245.35257pt.
<public/koda-cycle4-use-cases.png, id=2318, 1415.2875pt x 664.4825pt>
File: public/koda-cycle4-use-cases.png Graphic file (type png)
<use public/koda-cycle4-use-cases.png>
Package pdftex.def Info: public/koda-cycle4-use-cases.png  used on input line 4
009.
(pdftex.def)             Requested size: 445.99553pt x 209.3942pt.
 [115 <./public/koda-cycle4-code-architecture.png (PNG copy)> <./public/koda-cy
cle4-classes-services.png (PNG copy)>] [116 <./public/koda-cycle4-use-cases.png
 (PNG copy)>]
<public/koda-cycle4-boot-sequence.png, id=2334, 949.5475pt x 818.05624pt>
File: public/koda-cycle4-boot-sequence.png Graphic file (type png)
<use public/koda-cycle4-boot-sequence.png>
Package pdftex.def Info: public/koda-cycle4-boot-sequence.png  used on input li
ne 4066.
(pdftex.def)             Requested size: 460.07907pt x 396.36984pt.
<public/koda-cycle4-state-machine.png, id=2335, 1045.9075pt x 1465.475pt>
File: public/koda-cycle4-state-machine.png Graphic file (type png)
<use public/koda-cycle4-state-machine.png>
Package pdftex.def Info: public/koda-cycle4-state-machine.png  used on input li
ne 4086.
(pdftex.def)             Requested size: 366.1864pt x 513.08047pt.
 [117 <./public/koda-cycle4-boot-sequence.png (PNG copy)>] [118 <./public/koda-
cycle4-state-machine.png (PNG copy)>]
<public/ch4-audio-pipeline-logiciel.png, id=2344, 562.1pt x 1178.4025pt>
File: public/ch4-audio-pipeline-logiciel.png Graphic file (type png)
<use public/ch4-audio-pipeline-logiciel.png>
Package pdftex.def Info: public/ch4-audio-pipeline-logiciel.png  used on input 
line 4126.
(pdftex.def)             Requested size: 338.01932pt x 708.62929pt.
<public/koda-cycle4-wake-conversation-sequence.png, id=2345, 1555.8125pt x 950.
55125pt>
File: public/koda-cycle4-wake-conversation-sequence.png Graphic file (type png)

<use public/koda-cycle4-wake-conversation-sequence.png>
Package pdftex.def Info: public/koda-cycle4-wake-conversation-sequence.png  use
d on input line 4135.
(pdftex.def)             Requested size: 460.07907pt x 281.09189pt.
<public/koda-cycle4-action-sequence.png, id=2346, 1083.04625pt x 654.445pt>
File: public/koda-cycle4-action-sequence.png Graphic file (type png)
<use public/koda-cycle4-action-sequence.png>
Package pdftex.def Info: public/koda-cycle4-action-sequence.png  used on input 
line 4165.
(pdftex.def)             Requested size: 460.07907pt x 278.01062pt.
 [119] [120 <./public/ch4-audio-pipeline-logiciel.png (PNG copy)>] [121 <./publ
ic/koda-cycle4-wake-conversation-sequence.png (PNG copy)> <./public/koda-cycle4
-action-sequence.png (PNG copy)>] [122] [123]
[124] [125]
Chapitre VII.
[126

]
<public/ch5-cas-utilisation.png, id=2386, 554.07pt x 313.9228pt>
File: public/ch5-cas-utilisation.png Graphic file (type png)
<use public/ch5-cas-utilisation.png>
Package pdftex.def Info: public/ch5-cas-utilisation.png  used on input line 443
6.
(pdftex.def)             Requested size: 469.47375pt x 265.99258pt.
 [127

]
<public/ch5-place-ecosysteme.png, id=2391, 2286.5425pt x 2268.475pt>
File: public/ch5-place-ecosysteme.png Graphic file (type png)
<use public/ch5-place-ecosysteme.png>
Package pdftex.def Info: public/ch5-place-ecosysteme.png  used on input line 44
54.
(pdftex.def)             Requested size: 469.44205pt x 465.73268pt.
 [128 <./public/ch5-cas-utilisation.png>]
<public/ch5-parcours-interfaces.png, id=2398, 531.9875pt x 1105.12875pt>
File: public/ch5-parcours-interfaces.png Graphic file (type png)
<use public/ch5-parcours-interfaces.png>
Package pdftex.def Info: public/ch5-parcours-interfaces.png  used on input line
 4476.
(pdftex.def)             Requested size: 253.43538pt x 526.47614pt.
 [129 <./public/ch5-place-ecosysteme.png (PNG copy)>] [130 <./public/ch5-parcou
rs-interfaces.png (PNG copy)>]
<public/ch5-seq-bootstrap.png, id=2407, 2512.38625pt x 2042.63126pt>
File: public/ch5-seq-bootstrap.png Graphic file (type png)
<use public/ch5-seq-bootstrap.png>
Package pdftex.def Info: public/ch5-seq-bootstrap.png  used on input line 4538.

(pdftex.def)             Requested size: 469.46117pt x 381.68336pt.
 [131]
<public/ch5-ecran-login.png, id=2413, 450.68375pt x 1027.84pt>
File: public/ch5-ecran-login.png Graphic file (type png)
<use public/ch5-ecran-login.png>
Package pdftex.def Info: public/ch5-ecran-login.png  used on input line 4568.
(pdftex.def)             Requested size: 159.61824pt x 364.031pt.
 [132 <./public/ch5-seq-bootstrap.png (PNG copy)>]
<public/ch5-seq-auth.png, id=2418, 507.39563pt x 347.04657pt>
File: public/ch5-seq-auth.png Graphic file (type png)
<use public/ch5-seq-auth.png>
Package pdftex.def Info: public/ch5-seq-auth.png  used on input line 4575.
(pdftex.def)             Requested size: 469.48071pt x 321.11366pt.
 [133 <./public/ch5-ecran-login.png>]
<public/ch5-ecran-setup.png, id=2423, 450.68375pt x 1027.84pt>
File: public/ch5-ecran-setup.png Graphic file (type png)
<use public/ch5-ecran-setup.png>
Package pdftex.def Info: public/ch5-ecran-setup.png  used on input line 4596.
(pdftex.def)             Requested size: 207.3159pt x 472.81213pt.
<public/ch5-ecran-setup-suite.png, id=2424, 450.68375pt x 1027.84pt>
File: public/ch5-ecran-setup-suite.png Graphic file (type png)
<use public/ch5-ecran-setup-suite.png>
Package pdftex.def Info: public/ch5-ecran-setup-suite.png  used on input line 4
596.
(pdftex.def)             Requested size: 207.3159pt x 472.81213pt.
 [134 <./public/ch5-seq-auth.png>]
<public/ch5-seq-configuration.png, id=2430, 520.94624pt x 351.56343pt>
File: public/ch5-seq-configuration.png Graphic file (type png)
<use public/ch5-seq-configuration.png>
Package pdftex.def Info: public/ch5-seq-configuration.png  used on input line 4
604.
(pdftex.def)             Requested size: 469.47527pt x 316.82794pt.
 [135 <./public/ch5-ecran-setup.png> <./public/ch5-ecran-setup-suite.png>]
<public/ch5-ecran-home.png, id=2435, 450.68375pt x 1027.84pt>
File: public/ch5-ecran-home.png Graphic file (type png)
<use public/ch5-ecran-home.png>
Package pdftex.def Info: public/ch5-ecran-home.png  used on input line 4628.
(pdftex.def)             Requested size: 145.5347pt x 331.91107pt.
<public/ch5-ecran-home-deconnecte.png, id=2436, 450.68375pt x 1027.84pt>
File: public/ch5-ecran-home-deconnecte.png Graphic file (type png)
<use public/ch5-ecran-home-deconnecte.png>
Package pdftex.def Info: public/ch5-ecran-home-deconnecte.png  used on input li
ne 4628.
(pdftex.def)             Requested size: 145.5347pt x 331.91107pt.
<public/ch5-ecran-home-actif.png, id=2437, 450.68375pt x 1027.84pt>
File: public/ch5-ecran-home-actif.png Graphic file (type png)
<use public/ch5-ecran-home-actif.png>
Package pdftex.def Info: public/ch5-ecran-home-actif.png  used on input line 46
28.
(pdftex.def)             Requested size: 145.5347pt x 331.91107pt.
 [136 <./public/ch5-seq-configuration.png>]
<public/ch5-seq-home.png, id=2443, 608.2725pt x 382.42876pt>
File: public/ch5-seq-home.png Graphic file (type png)
<use public/ch5-seq-home.png>
Package pdftex.def Info: public/ch5-seq-home.png  used on input line 4636.
(pdftex.def)             Requested size: 469.48506pt x 295.17128pt.
 [137 <./public/ch5-ecran-home.png> <./public/ch5-ecran-home-deconnecte.png> <.
/public/ch5-ecran-home-actif.png> <./public/ch5-seq-home.png>]
<public/ch5-ecran-chat.png, id=2450, 450.68375pt x 1027.84pt>
File: public/ch5-ecran-chat.png Graphic file (type png)
<use public/ch5-ecran-chat.png>
Package pdftex.def Info: public/ch5-ecran-chat.png  used on input line 4658.
(pdftex.def)             Requested size: 159.61824pt x 364.031pt.
<public/ch5-seq-chat.png, id=2451, 612.78937pt x 378.66469pt>
File: public/ch5-seq-chat.png Graphic file (type png)
<use public/ch5-seq-chat.png>
Package pdftex.def Info: public/ch5-seq-chat.png  used on input line 4665.
(pdftex.def)             Requested size: 469.47427pt x 290.1051pt.

[138 <./public/ch5-ecran-chat.png>]
<public/ch5-ecran-historique.png, id=2456, 450.68375pt x 1027.84pt>
File: public/ch5-ecran-historique.png Graphic file (type png)
<use public/ch5-ecran-historique.png>
Package pdftex.def Info: public/ch5-ecran-historique.png  used on input line 46
87.
(pdftex.def)             Requested size: 159.61824pt x 364.031pt.
 [139 <./public/ch5-seq-chat.png>]
<public/ch5-seq-historique.png, id=2462, 2527.4425pt x 1435.3625pt>
File: public/ch5-seq-historique.png Graphic file (type png)
<use public/ch5-seq-historique.png>
Package pdftex.def Info: public/ch5-seq-historique.png  used on input line 4694
.
(pdftex.def)             Requested size: 469.45926pt x 266.6111pt.
 [140 <./public/ch5-ecran-historique.png> <./public/ch5-seq-historique.png (PNG
 copy)>]
<public/ch5-ecran-settings-profil.png, id=2467, 450.68375pt x 1027.84pt>
File: public/ch5-ecran-settings-profil.png Graphic file (type png)
<use public/ch5-ecran-settings-profil.png>
Package pdftex.def Info: public/ch5-ecran-settings-profil.png  used on input li
ne 4717.
(pdftex.def)             Requested size: 145.5347pt x 331.91107pt.
<public/ch5-ecran-settings-wifi.png, id=2468, 450.68375pt x 1027.84pt>
File: public/ch5-ecran-settings-wifi.png Graphic file (type png)
<use public/ch5-ecran-settings-wifi.png>
Package pdftex.def Info: public/ch5-ecran-settings-wifi.png  used on input line
 4717.
(pdftex.def)             Requested size: 145.5347pt x 331.91107pt.
<public/ch5-ecran-settings-compte.png, id=2469, 450.68375pt x 1027.84pt>
File: public/ch5-ecran-settings-compte.png Graphic file (type png)
<use public/ch5-ecran-settings-compte.png>
Package pdftex.def Info: public/ch5-ecran-settings-compte.png  used on input li
ne 4717.
(pdftex.def)             Requested size: 145.5347pt x 331.91107pt.
<public/ch5-seq-wifi.png, id=2470, 2569.6pt x 1935.23pt>
File: public/ch5-seq-wifi.png Graphic file (type png)
<use public/ch5-seq-wifi.png>
Package pdftex.def Info: public/ch5-seq-wifi.png  used on input line 4725.
(pdftex.def)             Requested size: 469.44803pt x 353.55304pt.

[141 <./public/ch5-ecran-settings-profil.png> <./public/ch5-ecran-settings-wifi
.png> <./public/ch5-ecran-settings-compte.png>]
Overfull \hbox (4.98268pt too wide) in paragraph at lines 4760--4760
[]|\T1/cmtt/m/n/10.95 DistributeurApiService|  
 []

[142 <./public/ch5-seq-wifi.png (PNG copy)>] [143] [144]
Overfull \hbox (18.26543pt too wide) in paragraph at lines 4844--4846
[]\T1/ptm/m/n/12 (-20) ajouter l'en-voi réel de l'image cap-tu-rée vers un end-
point mul-ti-mo-dal ou vers \T1/cmtt/m/n/12 /api/identify-face \T1/ptm/m/n/12 (
-20) ; 
 []

[145]
Chapitre VIII.
[146

]
File: public/ch5-place-ecosysteme.png Graphic file (type png)
<use public/ch5-place-ecosysteme.png>
Package pdftex.def Info: public/ch5-place-ecosysteme.png  used on input line 49
49.
(pdftex.def)             Requested size: 469.44205pt x 465.73268pt.
 [147

] [148] [149] [150] [151] [152] (finalyearrapport.aux)
 ***********
LaTeX2e <2025-11-01>
L3 programming layer <2026-01-19>
 ***********
Package rerunfilecheck Info: File `finalyearrapport.out' has not changed.
(rerunfilecheck)             Checksum: E2EBD71B981C5623874DA4A79A1E64DB;51304.
 ) 
Here is how much of TeX's memory you used:
 38488 strings out of 467867
 765576 string characters out of 5420270
 1581936 words of memory out of 5000000
 65469 multiletter control sequences out of 15000+600000
 739314 words of font info for 518 fonts, out of 8000000 for 9000
 1141 hyphenation exceptions out of 8191
 88i,13n,103p,1015b,2117s stack positions out of 10000i,1000n,20000p,200000b,200000s
 <C:\Users\l\AppData\Local\MiKTeX\fonts/pk/ljfour/jknappen/ec/dpi600\ectt1000
.pk> <C:\Users\l\AppData\Local\MiKTeX\fonts/pk/ljfour/jknappen/ec/dpi600\ecit10
00.pk> <C:\Users\l\AppData\Local\MiKTeX\fonts/pk/ljfour/jknappen/ec/dpi600\ecit
1095.pk> <C:\Users\l\AppData\Local\MiKTeX\fonts/pk/ljfour/jknappen/ec/dpi600\ec
tt1095.pk> <C:\Users\l\AppData\Local\MiKTeX\fonts/pk/ljfour/jknappen/ec/dpi600\
ectt1200.pk><C:/Users/l/AppData/Local/Programs/MiKTeX/fonts/type1/public/amsfon
ts/cm/cmmi10.pfb><C:/Users/l/AppData/Local/Programs/MiKTeX/fonts/type1/public/a
msfonts/cm/cmr10.pfb><C:/Users/l/AppData/Local/Programs/MiKTeX/fonts/type1/publ
ic/amsfonts/cm/cmsy10.pfb><C:/Users/l/AppData/Local/Programs/MiKTeX/fonts/type1
/public/amsfonts/symbols/msam10.pfb><C:/Users/l/AppData/Local/Programs/MiKTeX/f
onts/type1/urw/times/utmb8a.pfb><C:/Users/l/AppData/Local/Programs/MiKTeX/fonts
/type1/urw/times/utmbi8a.pfb><C:/Users/l/AppData/Local/Programs/MiKTeX/fonts/ty
pe1/urw/times/utmr8a.pfb><C:/Users/l/AppData/Local/Programs/MiKTeX/fonts/type1/
urw/times/utmri8a.pfb>
Output written on finalyearrapport.pdf (172 pages, 13058417 bytes).
PDF statistics:
 3028 PDF objects out of 3580 (max. 8388607)
 702 named destinations out of 1000 (max. 500000)
 114515 words of extra memory for PDF output out of 128383 (max. 10000000)

